INSERT INTO public.company (vat_number,name,street,zipcode,city,country) VALUES 
        (513259236,
            'Galius - Veículos ,S.A.',
            'Rua Manuel Pinto Azevedo, 711 , 2º',
            '4149-010',
            'Porto',
            'Portugal'),

            (505455668,
            'Auto-Sueco II Automóveis, S.A.',
            'Rua Manuel Pinto Azevedo, 711 , 2º',
            '4149-010',
            'Porto',
            'Portugal');

INSERT INTO public.cashflow_account (cf_code,name_pt,name_en,cf_economico,cf_corrente,cf_operacional,cf_gerado_tesouraria,cf_financiamento,cf_liquido_tesouraria,cf_aplicacoes,sum_value) VALUES 
('CF001','Resultados económicos',NULL,true,false,true,true,false,true,false,false)
,('CF023','Variação disponibilidades',NULL,false,false,false,false,false,false,true,false)
,('CF024','Aplicações totais',NULL,false,false,false,false,false,false,true,true)
,('CF002','Cash Flow económico',NULL,true,false,true,true,false,true,false,true)
,('CF003','Variação créditos de curto prazo',NULL,false,true,true,true,false,true,false,false)
,('CF004','Variação existências',NULL,false,true,true,true,false,true,false,false)
,('CF005','Variação débitos de curto prazo',NULL,false,true,true,true,false,true,false,false)
,('CF006','Investimento em ativo corrente',NULL,false,true,true,true,false,true,false,true)
,('CF007','Fluxo operacional de tesouraria',NULL,false,false,true,true,false,true,false,true)
,('CF008','Encargos financeiros líquidos',NULL,false,false,false,true,false,true,false,false)
;
INSERT INTO public.cashflow_account (cf_code,name_pt,name_en,cf_economico,cf_corrente,cf_operacional,cf_gerado_tesouraria,cf_financiamento,cf_liquido_tesouraria,cf_aplicacoes,sum_value) VALUES 
('CF009','Proveitos extraordinários',NULL,false,false,false,true,false,true,false,false)
,('CF010','Impostos sobre lucros',NULL,false,false,false,true,false,true,false,false)
,('CF011','Interesses minoritários',NULL,false,false,false,true,false,true,false,false)
,('CF012','Fluxo gerado de tesouraria',NULL,false,false,false,true,false,true,false,true)
,('CF013','Var financiamento correntes',NULL,false,false,false,false,true,true,false,false)
,('CF014','Var financiamento médio e longo prazo',NULL,false,false,false,false,true,true,false,false)
,('CF015','Aumento de capial (entrada numerário)',NULL,false,false,false,false,true,true,false,false)
,('CF016','Compra ações próprias',NULL,false,false,false,false,true,true,false,false)
,('CF017','Interesses minoritários',NULL,false,false,false,false,true,true,false,false)
,('CF018','Financiamento líquido',NULL,false,false,false,false,true,true,false,true)
;
INSERT INTO public.cashflow_account (cf_code,name_pt,name_en,cf_economico,cf_corrente,cf_operacional,cf_gerado_tesouraria,cf_financiamento,cf_liquido_tesouraria,cf_aplicacoes,sum_value) VALUES 
('CF019','Fluxo líquido de tesouraria',NULL,false,false,false,false,false,true,false,true)
,('CF020','Investimento',NULL,false,false,false,false,false,false,true,false)
,('CF021','Resultados distribuidos',NULL,false,false,false,false,false,false,true,false)
,('CF022','Amortizações do exercício',NULL,false,false,false,false,false,false,true,false)
;

INSERT INTO public.funcional_account (funcional_code,name_pt,name_en,fmf,c_needs,c_resources,nfm,tl,sum_value) VALUES 
('F0001','Capital próprio','',true,false,false,false,false,false)
,('F0002','Capital Alheio Estável',NULL,true,false,false,false,false,false)
,('F0003','Captais permanentes',NULL,true,false,false,false,false,true)
,('F0004','Ativo fixo',NULL,true,false,false,false,false,false)
,('F0005','Fundo de Maneio',NULL,true,false,false,false,false,true)
,('F0006','Clientes',NULL,false,true,false,true,false,false)
,('F0007','Existências',NULL,false,true,false,true,false,false)
,('F0008','Adiantamentos a fornecedores',NULL,false,true,false,true,false,false)
,('F0009','Estado (a receber)',NULL,false,true,false,true,false,false)
,('F0010','Outros devedores exploração',NULL,false,true,false,true,false,false)
;
INSERT INTO public.funcional_account (funcional_code,name_pt,name_en,fmf,c_needs,c_resources,nfm,tl,sum_value) VALUES 
('F0011','Necessidades cíclicas',NULL,false,true,false,true,false,true)
,('F0012','Fornecedores',NULL,false,false,true,true,false,false)
,('F0013','Adiantamentos a clientes',NULL,false,false,true,true,false,false)
,('F0014','Estado a pagar',NULL,false,false,true,true,false,false)
,('F0015','Outros credores de exploração',NULL,false,false,true,true,false,false)
,('F0016','Recursos cíclicos',NULL,false,false,true,true,false,true)
,('F0017','Necessidades de fundo de maneio',NULL,false,false,false,true,false,true)
,('F0018','Tesouraria ativa',NULL,false,false,false,false,true,false)
,('F0019','Tesouraria passiva',NULL,false,false,false,false,true,false)
,('F0020','Tesouraria Líquida',NULL,false,false,false,false,true,true)
;

INSERT INTO public.account (ies_id,name_pt,name_en,financial_statement,current_noncurrent,asset_liability_equity,ebitda,ebit,ebt,net_results,sum_value,funcional_code,cf_code) VALUES 
('A00021','Resultado operacional (antes de gastos de financiamento e impostos)','Result before interests and taxes','pl',NULL,NULL,false,true,true,true,true,NULL,NULL)
,('A00024','Resultado antes de impostos','Result before taxes','pl',NULL,NULL,false,false,true,true,true,NULL,NULL)
,('A00125','Soma ativo corrente','Total current assets','bs','c','a',NULL,NULL,NULL,NULL,true,NULL,NULL)
,('A00126','Total do ativo','Total assets','bs',NULL,'a',NULL,NULL,NULL,NULL,true,NULL,NULL)
,('A00019','Gastos / reversões de depreciação e de amortização','Expenses/reversions of depreciation and amortisation','pl',NULL,NULL,false,true,true,true,false,NULL,'CF022')
,('A00109','Ativos por impostos diferidos','Deferred tax assets','bs','nc','a',NULL,NULL,NULL,NULL,false,'F0004','CF011')
,('A00110','Investimento financeiros','Financial investments','bs','nc','a',NULL,NULL,NULL,NULL,false,'F0004','CF021')
,('A00111','Créditos e outros ativos não correntes','Other financial assets','bs','nc','a',NULL,NULL,NULL,NULL,false,'F0004','CF021')
,('A00140','Provisões','Provisions','bs','nc','p',NULL,NULL,NULL,NULL,false,'F0001','CF009')
,('A00022','Juros e rendimentos similiares obtidos','Interests and similary revenues','pl',NULL,NULL,false,false,true,true,false,NULL,'CF008')
;
INSERT INTO public.account (ies_id,name_pt,name_en,financial_statement,current_noncurrent,asset_liability_equity,ebitda,ebit,ebt,net_results,sum_value,funcional_code,cf_code) VALUES 
('A00132','Outras reservas','Other reserves','bs',NULL,'e',NULL,NULL,NULL,NULL,false,'F0001','CF015')
,('A00026','Resultado líquido do período','Net result for the period','pl',NULL,NULL,false,false,false,true,true,NULL,'CF015')
,('A00131','Reservas legais','Legal reserves','bs',NULL,'e',NULL,NULL,NULL,NULL,false,'F0001','CF015')
,('A00112','Soma ativo não corrente','Total non current assets','bs','nc','a',NULL,NULL,NULL,NULL,true,'F0004',NULL)
,('A00023','Juros e gastos similares obtidos','Interests and similary expenses','pl',NULL,NULL,false,false,true,true,false,NULL,'CF008')
,('A00113','Inventários','Inventories','bs','c','a',NULL,NULL,NULL,NULL,false,'F0007','CF004')
,('A00103','Goodwill','Goodwill','bs','nc','a',NULL,NULL,NULL,NULL,false,'F0004','CF020')
,('A00114','Ativos biológicos','Bioligical assets','bs','c','a',NULL,NULL,NULL,NULL,false,'F0007','CF004')
,('A00133','Resultados transitados','Retained earnings','bs',NULL,'e',NULL,NULL,NULL,NULL,false,'F0001','CF015')
,('A00134','Excedentes de revalorização','Revaluation surplus','bs',NULL,'e',NULL,NULL,NULL,NULL,false,'F0004','CF015')
;
INSERT INTO public.account (ies_id,name_pt,name_en,financial_statement,current_noncurrent,asset_liability_equity,ebitda,ebit,ebt,net_results,sum_value,funcional_code,cf_code) VALUES 
('A00002','Subsídios à exploração','Operating grants','pl',NULL,NULL,true,true,true,true,false,NULL,'CF009')
,('A00137','Resultado líquido do período','Net result for the period','bs',NULL,'e',NULL,NULL,NULL,NULL,false,'F0001','CF015')
,('A00012','Provisões (aumentos/reduções)','Provisions (increases/decreases)','pl',NULL,NULL,true,true,true,true,false,NULL,'CF009')
,('A00124','Caixa e depósitos bancários','Cash and cash equivalents','bs','c','a',NULL,NULL,NULL,NULL,false,'F0018','CF023')
,('A00104','Ativos intangíveis','Intangible assets','bs','nc','a',NULL,NULL,NULL,NULL,false,'F0004','CF020')
,('A00106','Participações financeiras - método da equivalência patrimonial','Investments in shareholdings-equity method','bs','nc','a',NULL,NULL,NULL,NULL,false,'F0004','CF020')
,('A00107','Outros investimentos financeiros','Investments in shareholdings-other methods','bs','nc','a',NULL,NULL,NULL,NULL,false,'F0004','CF020')
,('A00117','Capital subscrito e não realizado','Current shareholders','bs','c','a',NULL,NULL,NULL,NULL,false,'F0001','CF015')
,('A00136','Soma capital','Sum Capital','bs',NULL,'e',NULL,NULL,NULL,NULL,true,'F0001',NULL)
,('A00138','Dividendos antecipados','Antecipated dividends','bs',NULL,'e',NULL,NULL,NULL,NULL,false,'F0001',NULL)
;
INSERT INTO public.account (ies_id,name_pt,name_en,financial_statement,current_noncurrent,asset_liability_equity,ebitda,ebit,ebt,net_results,sum_value,funcional_code,cf_code) VALUES 
('A00139','Total do capital próprio','Total equity','bs',NULL,'e',NULL,NULL,NULL,NULL,true,'F0001',NULL)
,('A00127','Capital subscrito','Share capital','bs',NULL,'e',NULL,NULL,NULL,NULL,false,'F0001','CF015')
,('A00142','Responsabilidades por beneficios pós-emprego','Responsabilities for benefits after employment','bs','nc','p',NULL,NULL,NULL,NULL,false,'F0002',NULL)
,('A00143','Passivos por impostos diferidos','Deferred tax liabilities','bs','nc','p',NULL,NULL,NULL,NULL,false,'F0002',NULL)
,('A00013','Imparidade de investimentos não depreciáveis /amortizáveis (perdas/reversões)','Imparity of non depreciable/amortisable investments (losses/reversions)','pl',NULL,NULL,true,true,true,true,false,NULL,'CF009')
,('A00001','Vendas e serviços prestados','Turnover','pl',NULL,NULL,true,true,true,true,false,NULL,'CF001')
,('A00025','Imposto sobre o rendimento do periodo','Income tax for the period','pl',NULL,NULL,false,false,false,true,false,NULL,'CF010')
,('A00004','Variação nos inventários de produção','Inventories of production change','pl',NULL,NULL,true,true,true,true,false,NULL,'CF001')
,('A00005','Trabalhos para a própria entidade','Own work capitalized','pl',NULL,NULL,true,true,true,true,false,NULL,'CF001')
,('A00006','Custo das mercadorias vendidas e das matérias consumidas','Cost of goods sold and consumed','pl',NULL,NULL,true,true,true,true,false,NULL,'CF001')
;
INSERT INTO public.account (ies_id,name_pt,name_en,financial_statement,current_noncurrent,asset_liability_equity,ebitda,ebit,ebt,net_results,sum_value,funcional_code,cf_code) VALUES 
('A00007','Fornecimento e serviços externos','External supplies and services','pl',NULL,NULL,true,true,true,true,false,NULL,'CF001')
,('A00008','Gastos com pessoal','Employees expenses','pl',NULL,NULL,true,true,true,true,false,NULL,'CF001')
,('A00009','Imparidade (perdas/reversões)','','pl',NULL,NULL,true,true,true,true,false,NULL,'CF001')
,('A00010','Imparidade / ajustamentos de inventários (perdas/reversões)','Impairment of inventories (losses/reversions)','pl',NULL,NULL,true,true,true,true,false,NULL,'CF001')
,('A00011','Imparidade de dívidas a receber (perdas/reversões)','Impairment of debts (losses/reversions)','pl',NULL,NULL,true,true,true,true,false,NULL,'CF001')
,('A00141','Financiamentos obtidos','Non current financing obtained','bs','nc','p',NULL,NULL,NULL,NULL,false,'F0002','CF014')
,('A00144','Outras dividas a pagar','Other non current payable accounts','bs','nc','p',NULL,NULL,NULL,NULL,false,'F0002','CF014')
,('A00129','Outros instrumentos de capital próprio','Other equity instruments','bs',NULL,'e',NULL,NULL,NULL,NULL,false,'F0001','CF015')
,('A00130','Prémios de emissão','Share premium','bs',NULL,'e',NULL,NULL,NULL,NULL,false,'F0001','CF015')
,('A00108','Créditos a receber','Non current shareholders','bs','nc','a',NULL,NULL,NULL,NULL,false,'F0004','CF020')
;
INSERT INTO public.account (ies_id,name_pt,name_en,financial_statement,current_noncurrent,asset_liability_equity,ebitda,ebit,ebt,net_results,sum_value,funcional_code,cf_code) VALUES 
('A00120','Ativos financeiros detidos para negociação','Available-for-sale financial assets','bs','c','a',NULL,NULL,NULL,NULL,false,'F0004','CF020')
,('A00018','Resultado antes de depreciações, gastos de financiamento e impostos','Result before taxes, interests, depreciation and amortisation','pl',NULL,NULL,true,true,true,true,true,NULL,NULL)
,('A00122','Ativos não correntes detidos para venda','Non current assets held-for-sale','bs','c','a',NULL,NULL,NULL,NULL,false,'F0004','CF020')
,('A00027','Resultado das atividades descontínuadas (líquido de impostos) incluíndo no resultado líquido do período','Net result-discontinued activities','pl',NULL,NULL,false,false,false,true,true,NULL,NULL)
,('A00115','Clientes','Clients','bs','c','a',NULL,NULL,NULL,NULL,false,'F0006','CF003')
,('A00119','Diferimentos','Deferreds','bs','c','a',NULL,NULL,NULL,NULL,false,'F0010','CF003')
,('A00156','Soma passivos correntes','Total current liabilities','bs','c','p',NULL,NULL,NULL,NULL,true,NULL,NULL)
,('A00157','Total do passivo','Total liabilities','bs',NULL,'p',NULL,NULL,NULL,NULL,true,NULL,NULL)
,('A00158','Total do capital próprio e do passivo','Total equity and liabilities','bs',NULL,'p',NULL,NULL,NULL,NULL,true,NULL,NULL)
,('A00003','Ganhos/perdas imputados de subsidiárias, associadas e empreendimentos conjuntos','Gains/Losses imputaded to subsidiaries, associated, joint ventures','pl',NULL,NULL,true,true,true,true,false,NULL,'CF009')
;
INSERT INTO public.account (ies_id,name_pt,name_en,financial_statement,current_noncurrent,asset_liability_equity,ebitda,ebit,ebt,net_results,sum_value,funcional_code,cf_code) VALUES 
('A00145','Soma passivo não corrente','Total non current liabilities','bs','nc','p',NULL,NULL,NULL,NULL,true,'F0002',NULL)
,('A00020','Imparidade de investimentops depreciáveis / amortizáveis (perdas / reversões)','Imparities of depreciable/amortisable investments (losses/reversions)','pl',NULL,NULL,false,true,true,true,false,NULL,'CF009')
,('A00149','Financiamentos obtidos','Current financing obtained','bs','c','p',NULL,NULL,NULL,NULL,false,'F0019','CF013')
,('A90002','Dividas sócios',NULL,'bs','c','p',NULL,NULL,NULL,NULL,false,'F0001','CF015')
,('A00128','Ações (quotas) próprias','Treasury shares','bs',NULL,'e',NULL,NULL,NULL,NULL,false,'F0001','CF016')
,('A00102','Propriedades de investimento','Investment properties','bs','nc','a',NULL,NULL,NULL,NULL,false,'F0004','CF020')
,('A00101','Ativos fixos tangíveis','Tangible fixed assets','bs','nc','a',NULL,NULL,NULL,NULL,false,'F0004','CF020')
,('A00105','Ativos biológicos','Biological assets','bs','nc','a',NULL,NULL,NULL,NULL,false,'F0004','CF020')
,('A00152','Passivos financeiros detidos para negociação','Available-for-sale financial liabilities','bs','c','p',NULL,NULL,NULL,NULL,false,'F0004','CF020')
,('A00154','Passivos não correntes detidos para venda','Non current liabilities held-for-sale','bs','c','p',NULL,NULL,NULL,NULL,false,'F0002','CF020')
;
INSERT INTO public.account (ies_id,name_pt,name_en,financial_statement,current_noncurrent,asset_liability_equity,ebitda,ebit,ebt,net_results,sum_value,funcional_code,cf_code) VALUES 
('A00135','Ajustamentos / outras variações no capitál próprio','Other equity changes','bs',NULL,'e',NULL,NULL,NULL,NULL,false,'F0001','CF015')
,('A00118','Outros créditos a receber','Other receivables','bs','c','a',NULL,NULL,NULL,NULL,false,'F0010','CF003')
,('A00121','Outros ativos financeiros','Other current financial assets','bs','c','a',NULL,NULL,NULL,NULL,false,'F0010','CF003')
,('A00123','Outros ativos correntes ','Other current assets','bs','c','a',NULL,NULL,NULL,NULL,false,'F0010','CF003')
,('A00116','Estado e outros entes públicos','State and other public bodies','bs','c','a',NULL,NULL,NULL,NULL,false,'F0009','CF003')
,('A00147','Adiantamento de clientes','Advances from clients','bs','c','p',NULL,NULL,NULL,NULL,false,'F0013','CF003')
,('A00146','Fornecedores','Suppliers','bs','c','p',NULL,NULL,NULL,NULL,false,'F0012','CF005')
,('A00148','Estado e outros entes públcios','State and other public bodies','bs','c','p',NULL,NULL,NULL,NULL,false,'F0014','CF005')
,('A00150','Outras dívidas a pagar','Other current payable accounts','bs','c','p',NULL,NULL,NULL,NULL,false,'F0015','CF005')
,('A00153','Outros passivos financeiros','Other financial liabilities','bs','c','p',NULL,NULL,NULL,NULL,false,'F0015','CF005')
;
INSERT INTO public.account (ies_id,name_pt,name_en,financial_statement,current_noncurrent,asset_liability_equity,ebitda,ebit,ebt,net_results,sum_value,funcional_code,cf_code) VALUES 
('A00155','Outros passivos correntes','Other current liabilities','bs','c','p',NULL,NULL,NULL,NULL,false,'F0015','CF005')
,('A90001','Adiantamento de fornecedores',NULL,'bs','c','a',NULL,NULL,NULL,NULL,false,'F0008','CF005')
,('A00151','Diferimentos','Deferreds','bs','c','p',NULL,NULL,NULL,NULL,false,'F0015','CF005')
,('A00014','Outras imparidades (perdas/reversões)','Impairment-other (losses/reversions)','pl',NULL,NULL,true,true,true,true,false,NULL,'CF009')
,('A00015','Aumentos / reduções de justo valor','Increases/decreases of fair value','pl',NULL,NULL,true,true,true,true,false,NULL,'CF009')
,('A00016','Outros rendimentos','Other revenues and gains','pl',NULL,NULL,true,true,true,true,false,NULL,'CF009')
,('A00017','Outros gastos','Other expenses and losses','pl',NULL,NULL,true,true,true,true,false,NULL,'CF009')
;

INSERT INTO public.account_chart (ldg_account,fs_account) VALUES 
(11100000,'A00124')
,(11210300,'A00124')
,(11212600,'A00124')
,(11222500,'A00124')
,(12010101,'A00124')
,(12010102,'A00124')
,(12020101,'A00124')
,(12020102,'A00124')
,(12030101,'A00124')
,(12030102,'A00124')
;
INSERT INTO public.account_chart (ldg_account,fs_account) VALUES 
(12040101,'A00124')
,(12040102,'A00124')
,(12050101,'A00124')
,(12050102,'A00124')
,(12080101,'A00124')
,(12090101,'A00124')
,(12090102,'A00124')
,(12120101,'A00124')
,(12120102,'A00124')
,(16100000,'A00124')
;
INSERT INTO public.account_chart (ldg_account,fs_account) VALUES 
(17111000,'A00124')
,(17121000,'A00124')
,(17211000,'A00124')
,(17221000,'A00124')
,(17410000,'A00124')
,(17510000,'A00124')
,(17990000,'A00124')
,(21110100,'A00115')
,(21110200,'A00115')
,(21110400,'A00115')
;
INSERT INTO public.account_chart (ldg_account,fs_account) VALUES 
(21110500,'A00115')
,(21120000,'A00115')
,(21160000,'A00115')
,(21310000,'A00115')
,(21500000,'A00115')
,(21700000,'A00115')
,(21800000,'A00147')
,(21910000,'A00115')
,(21920000,'A00115')
,(22800000,'A90001')
;
INSERT INTO public.account_chart (ldg_account,fs_account) VALUES 
(23120000,'A00150')
,(23220000,'A00150')
,(23300000,'A00150')
,(23310000,'A00150')
,(24121000,'A00148')
,(24122000,'A00148')
,(24150000,'A00148')
,(24210000,'A00148')
,(24220000,'A00148')
,(24250000,'A00148')
;
INSERT INTO public.account_chart (ldg_account,fs_account) VALUES 
(24321000,'A00148')
,(24322000,'A00148')
,(24323000,'A00148')
,(24331000,'A00148')
,(24333000,'A00148')
,(24334000,'A00148')
,(24341000,'A00148')
,(24342000,'A00148')
,(24350000,'A00148')
,(24361000,'A00148')
;
INSERT INTO public.account_chart (ldg_account,fs_account) VALUES 
(24380100,'A00148')
,(24412000,'A00148')
,(24500000,'A00148')
,(24520000,'A00148')
,(25111301,'A00149')
,(25111304,'A00149')
,(25111403,'A00149')
,(25521100,'A00149')
,(27110000,'A00150')
,(27210100,'A00118')
;
INSERT INTO public.account_chart (ldg_account,fs_account) VALUES 
(27210200,'A00118')
,(27210410,'A00118')
,(27211200,'A00118')
,(27219800,'A00118')
,(27219900,'A00118')
,(27221112,'A00150')
,(27221113,'A00150')
,(27221114,'A00150')
,(27221116,'A00150')
,(27221117,'A00150')
;
INSERT INTO public.account_chart (ldg_account,fs_account) VALUES 
(27221118,'A00150')
,(27221122,'A00150')
,(27221123,'A00150')
,(27221124,'A00150')
,(27221126,'A00150')
,(27221127,'A00150')
,(27221128,'A00150')
,(27221200,'A00150')
,(27221311,'A00150')
,(27221400,'A00150')
;
INSERT INTO public.account_chart (ldg_account,fs_account) VALUES 
(27221500,'A00150')
,(27221601,'A00150')
,(27221605,'A00150')
,(27222050,'A00150')
,(27222060,'A00150')
,(27223010,'A00150')
,(27223050,'A00150')
,(27223120,'A00150')
,(27223190,'A00150')
,(27225000,'A00150')
;
INSERT INTO public.account_chart (ldg_account,fs_account) VALUES 
(27226014,'A00150')
,(27226019,'A00150')
,(27229800,'A00150')
,(27229900,'A00150')
,(27230000,'A00150')
,(27411000,'A00109')
,(27420000,'A00143')
,(27810201,'A00118')
,(27810502,'A00118')
,(27810503,'A00118')
;
INSERT INTO public.account_chart (ldg_account,fs_account) VALUES 
(27810601,'A00118')
,(27810602,'A00118')
,(27810607,'A00118')
,(27810700,'A00118')
,(27819900,'A00118')
,(27820701,'A00150')
,(27829900,'A00150')
,(27890100,'A00150')
,(28101100,'A00119')
,(28101200,'A00119')
;
INSERT INTO public.account_chart (ldg_account,fs_account) VALUES 
(28102000,'A00119')
,(28103000,'A00119')
,(28105000,'A00119')
,(28112000,'A00119')
,(28117000,'A00119')
,(28122000,'A00119')
,(28198000,'A00119')
,(28201000,'A00151')
,(28202000,'A00151')
,(28204000,'A00151')
;
INSERT INTO public.account_chart (ldg_account,fs_account) VALUES 
(28208000,'A00151')
,(28210000,'A00151')
,(29200000,'A00140')
,(31101140,'A00113')
,(31101210,'A00113')
,(31101240,'A00113')
,(31105201,'A00113')
,(31105204,'A00113')
,(31910000,'A00113')
,(31920000,'A00113')
;
INSERT INTO public.account_chart (ldg_account,fs_account) VALUES 
(32011100,'A00113')
,(32011200,'A00113')
,(32012100,'A00113')
,(32012200,'A00113')
,(32050210,'A00113')
,(32500000,'A00113')
,(32501000,'A00113')
,(32505000,'A00113')
,(32621000,'A00113')
,(32901100,'A00113')
;
INSERT INTO public.account_chart (ldg_account,fs_account) VALUES 
(32901200,'A00113')
,(32905000,'A00113')
,(36200000,'A00113')
,(38051105,'A00113')
,(38051106,'A00113')
,(38052103,'A00113')
,(38900000,'A00113')
,(41410197,'A00107')
,(43200000,'A00101')
,(43300000,'A00101')
;
INSERT INTO public.account_chart (ldg_account,fs_account) VALUES 
(43400000,'A00101')
,(43500000,'A00101')
,(43700000,'A00101')
,(43820000,'A00101')
,(43830000,'A00101')
,(43840000,'A00101')
,(43850000,'A00101')
,(43870000,'A00101')
,(44101000,'A00103')
,(44300000,'A00104')
;
INSERT INTO public.account_chart (ldg_account,fs_account) VALUES 
(44510000,'A00104')
,(44830000,'A00104')
,(44851000,'A00104')
,(51000000,'A00127')
,(55100000,'A00131')
,(55210000,'A00132')
,(56100000,'A00133')
,(61101110,'A00006')
,(61101140,'A00006')
,(61101160,'A00006')
;
INSERT INTO public.account_chart (ldg_account,fs_account) VALUES 
(61101190,'A00006')
,(61101210,'A00006')
,(61101230,'A00006')
,(61101240,'A00006')
,(61101290,'A00006')
,(61105210,'A00006')
,(61105291,'A00006')
,(61105293,'A00006')
,(62101100,'A00007')
,(62101200,'A00007')
;
INSERT INTO public.account_chart (ldg_account,fs_account) VALUES 
(62102000,'A00007')
,(62112000,'A00007')
,(62210200,'A00007')
,(62210300,'A00007')
,(62210400,'A00007')
,(62210500,'A00007')
,(62210600,'A00007')
,(62210800,'A00007')
,(62210900,'A00007')
,(62211100,'A00007')
;
INSERT INTO public.account_chart (ldg_account,fs_account) VALUES 
(62211600,'A00007')
,(62212000,'A00007')
,(62212210,'A00007')
,(62212220,'A00007')
,(62212240,'A00007')
,(62212250,'A00007')
,(62212311,'A00007')
,(62212312,'A00007')
,(62212400,'A00007')
,(62212600,'A00007')
;
INSERT INTO public.account_chart (ldg_account,fs_account) VALUES 
(62213400,'A00007')
,(62213600,'A00007')
,(62213700,'A00007')
,(62220100,'A00007')
,(62220200,'A00007')
,(62220300,'A00007')
,(62220500,'A00007')
,(62220600,'A00007')
,(62220700,'A00007')
,(62230100,'A00007')
;
INSERT INTO public.account_chart (ldg_account,fs_account) VALUES 
(62240300,'A00007')
,(62260100,'A00007')
,(62260200,'A00007')
,(62260411,'A00007')
,(62260421,'A00007')
,(62260423,'A00007')
,(62310000,'A00007')
,(62330000,'A00007')
,(62340200,'A00007')
,(62349900,'A00007')
;
INSERT INTO public.account_chart (ldg_account,fs_account) VALUES 
(62350000,'A00007')
,(62380100,'A00007')
,(62410100,'A00007')
,(62421111,'A00007')
,(62421200,'A00007')
,(62422111,'A00007')
,(62422112,'A00007')
,(62422121,'A00007')
,(62430000,'A00007')
,(62480100,'A00007')
;
INSERT INTO public.account_chart (ldg_account,fs_account) VALUES 
(62480300,'A00007')
,(62480400,'A00007')
,(62511208,'A00007')
,(62512100,'A00007')
,(62512201,'A00007')
,(62512202,'A00007')
,(62512203,'A00007')
,(62532100,'A00007')
,(62532300,'A00007')
,(62610210,'A00007')
;
INSERT INTO public.account_chart (ldg_account,fs_account) VALUES 
(62610400,'A00007')
,(62610641,'A00007')
,(62610642,'A00007')
,(62620100,'A00007')
,(62620200,'A00007')
,(62620300,'A00007')
,(62620400,'A00007')
,(62620500,'A00007')
,(62620600,'A00007')
,(62630111,'A00007')
;
INSERT INTO public.account_chart (ldg_account,fs_account) VALUES 
(62630121,'A00007')
,(62630130,'A00007')
,(62630150,'A00007')
,(62630191,'A00007')
,(62630400,'A00007')
,(62630500,'A00007')
,(62630600,'A00007')
,(62630701,'A00007')
,(62630799,'A00007')
,(62630900,'A00007')
;
INSERT INTO public.account_chart (ldg_account,fs_account) VALUES 
(62650100,'A00007')
,(62650200,'A00007')
,(62660200,'A00007')
,(62660700,'A00007')
,(62670100,'A00007')
,(62670200,'A00007')
,(62680104,'A00007')
,(62680107,'A00007')
,(62680402,'A00007')
,(62680501,'A00007')
;
INSERT INTO public.account_chart (ldg_account,fs_account) VALUES 
(62680502,'A00007')
,(62689800,'A00007')
,(63211100,'A00008')
,(63211200,'A00008')
,(63211300,'A00008')
,(63212300,'A00008')
,(63221112,'A00008')
,(63221113,'A00008')
,(63221121,'A00008')
,(63221122,'A00008')
;
INSERT INTO public.account_chart (ldg_account,fs_account) VALUES 
(63221123,'A00008')
,(63221212,'A00008')
,(63221213,'A00008')
,(63221221,'A00008')
,(63221222,'A00008')
,(63221223,'A00008')
,(63222012,'A00008')
,(63222013,'A00008')
,(63222021,'A00008')
,(63222031,'A00008')
;
INSERT INTO public.account_chart (ldg_account,fs_account) VALUES 
(63222032,'A00008')
,(63222033,'A00008')
,(63222041,'A00008')
,(63222042,'A00008')
,(63222043,'A00008')
,(63222061,'A00008')
,(63231000,'A00008')
,(63232000,'A00008')
,(63233000,'A00008')
,(63240000,'A00008')
;
INSERT INTO public.account_chart (ldg_account,fs_account) VALUES 
(63251110,'A00008')
,(63251120,'A00008')
,(63251130,'A00008')
,(63251210,'A00008')
,(63251220,'A00008')
,(63251230,'A00008')
,(63260320,'A00008')
,(63260330,'A00008')
,(63269910,'A00008')
,(63269920,'A00008')
;
INSERT INTO public.account_chart (ldg_account,fs_account) VALUES 
(63269930,'A00008')
,(63410000,'A00008')
,(63521100,'A00008')
,(63521200,'A00008')
,(63521300,'A00008')
,(63522100,'A00008')
,(63522200,'A00008')
,(63522300,'A00008')
,(63523100,'A00008')
,(63523200,'A00008')
;
INSERT INTO public.account_chart (ldg_account,fs_account) VALUES 
(63523300,'A00008')
,(63524100,'A00008')
,(63524200,'A00008')
,(63524300,'A00008')
,(63621000,'A00008')
,(63622000,'A00008')
,(63623000,'A00008')
,(63720110,'A00008')
,(63720120,'A00008')
,(63720130,'A00008')
;
INSERT INTO public.account_chart (ldg_account,fs_account) VALUES 
(63720620,'A00008')
,(63720630,'A00008')
,(63720700,'A00008')
,(63720800,'A00008')
,(63720920,'A00008')
,(63720930,'A00008')
,(63721120,'A00008')
,(63721150,'A00008')
,(63801100,'A00008')
,(63802100,'A00008')
;
INSERT INTO public.account_chart (ldg_account,fs_account) VALUES 
(63803000,'A00008')
,(63804000,'A00008')
,(63807011,'A00008')
,(63807031,'A00008')
,(63899000,'A00008')
,(64220000,'A00019')
,(64230000,'A00019')
,(64240000,'A00019')
,(64250000,'A00019')
,(64270000,'A00019')
;
INSERT INTO public.account_chart (ldg_account,fs_account) VALUES 
(65111000,'A00011')
,(65112000,'A00011')
,(65211100,'A00010')
,(65211200,'A00010')
,(65212100,'A00010')
,(67200000,'A00012')
,(68120120,'A00017')
,(68120312,'A00017')
,(68120320,'A00017')
,(68139000,'A00017')
;
INSERT INTO public.account_chart (ldg_account,fs_account) VALUES 
(68220000,'A00017')
,(68811000,'A00017')
,(68812000,'A00017')
,(68821900,'A00017')
,(68870110,'A00017')
,(68870140,'A00017')
,(68870300,'A00017')
,(68870400,'A00017')
,(68870500,'A00017')
,(68870712,'A00017')
;
INSERT INTO public.account_chart (ldg_account,fs_account) VALUES 
(68871000,'A00017')
,(68880610,'A00017')
,(68880624,'A00017')
,(68880629,'A00017')
,(68880633,'A00017')
,(69110150,'A00023')
,(69110600,'A00023')
,(69110700,'A00023')
,(69110701,'A00023')
,(69110901,'A00023')
;
INSERT INTO public.account_chart (ldg_account,fs_account) VALUES 
(69180100,'A00023')
,(69180200,'A00023')
,(69231000,'A00023')
,(69814000,'A00023')
,(69815000,'A00023')
,(69818000,'A00023')
,(69819000,'A00023')
,(69820200,'A00023')
,(69820500,'A00023')
,(69820700,'A00023')
;
INSERT INTO public.account_chart (ldg_account,fs_account) VALUES 
(69820800,'A00023')
,(69820900,'A00023')
,(69821000,'A00023')
,(69822001,'A00023')
,(69829900,'A00023')
,(71101110,'A00001')
,(71101120,'A00001')
,(71101210,'A00001')
,(71101220,'A00001')
,(71105211,'A00001')
;
INSERT INTO public.account_chart (ldg_account,fs_account) VALUES 
(71108110,'A00001')
,(71710112,'A00001')
,(71710113,'A00001')
,(71710121,'A00001')
,(71710122,'A00001')
,(71710123,'A00001')
,(71710521,'A00001')
,(71810111,'A00001')
,(71810119,'A00001')
,(71810527,'A00001')
;
INSERT INTO public.account_chart (ldg_account,fs_account) VALUES 
(72011120,'A00001')
,(72050000,'A00001')
,(72501300,'A00001')
,(72507300,'A00001')
,(72701112,'A00001')
,(72805000,'A00001')
,(73310000,'A00004')
,(73320000,'A00004')
,(74510000,'A00005')
,(76211100,'A00011')
;
INSERT INTO public.account_chart (ldg_account,fs_account) VALUES 
(76211200,'A00011')
,(76221210,'A00010')
,(78160202,'A00016')
,(78160203,'A00016')
,(78220000,'A00016')
,(78820000,'A00016')
,(78860210,'A00016')
,(78860391,'A00016')
,(78860430,'A00016')
,(78860505,'A00016')
;
INSERT INTO public.account_chart (ldg_account,fs_account) VALUES 
(78860508,'A00016')
,(78860511,'A00016')
,(78860599,'A00016')
,(78880200,'A00016')
,(78880300,'A00016')
,(78880400,'A00016')
,(79110000,'A00022')
,(79130000,'A00022')
,(81100000,'A00024')
,(81121000,'A00025')
;
INSERT INTO public.account_chart (ldg_account,fs_account) VALUES 
(81122000,'A00025')
,(81800000,'A00026')
,(11210500,'A00124')
,(11212500,'A00124')
,(11220300,'A00124')
,(11220400,'A00124')
,(11221000,'A00124')
,(11230100,'A00124')
,(11230400,'A00124')
,(12010501,'A00124')
;
INSERT INTO public.account_chart (ldg_account,fs_account) VALUES 
(12010502,'A00124')
,(12010601,'A00124')
,(12010602,'A00124')
,(12012501,'A00124')
,(12020601,'A00124')
,(12030401,'A00124')
,(12041101,'A00124')
,(12050501,'A00124')
,(12050502,'A00124')
,(12050701,'A00124')
;
INSERT INTO public.account_chart (ldg_account,fs_account) VALUES 
(12050702,'A00124')
,(12080102,'A00124')
,(21110300,'A00115')
,(21170000,'A00115')
,(21210100,'A00115')
,(23812000,'A00150')
,(24170000,'A00148')
,(24260000,'A00148')
,(24332000,'A00148')
,(24370000,'A00148')
;
INSERT INTO public.account_chart (ldg_account,fs_account) VALUES 
(25312000,'A00149')
,(27210420,'A00118')
,(27210700,'A00118')
,(27211000,'A00118')
,(27221603,'A00150')
,(27221604,'A00150')
,(27223040,'A00150')
,(27223140,'A00150')
,(27223150,'A00150')
,(27223180,'A00150')
;
INSERT INTO public.account_chart (ldg_account,fs_account) VALUES 
(27223200,'A00150')
,(27226012,'A00150')
,(27226013,'A00150')
,(27810300,'A00118')
,(27810406,'A00118')
,(27820300,'A00150')
,(27820400,'A00150')
,(27829000,'A00150')
,(28106000,'A00119')
,(28109000,'A00119')
;
INSERT INTO public.account_chart (ldg_account,fs_account) VALUES 
(28110000,'A00119')
,(28111000,'A00119')
,(28207000,'A00151')
,(31101190,'A00113')
,(31102110,'A00113')
,(31102120,'A00113')
,(31102210,'A00113')
,(31105100,'A00113')
,(31810224,'A00113')
,(31810521,'A00113')
;
INSERT INTO public.account_chart (ldg_account,fs_account) VALUES 
(32021100,'A00113')
,(32021200,'A00113')
,(32021300,'A00113')
,(32022100,'A00113')
,(32022200,'A00113')
,(32022300,'A00113')
,(32050100,'A00113')
,(32502000,'A00113')
,(32902100,'A00113')
,(32902200,'A00113')
;
INSERT INTO public.account_chart (ldg_account,fs_account) VALUES 
(36100000,'A00113')
,(38011110,'A00113')
,(38012130,'A00113')
,(38021130,'A00113')
,(53100000,'A00129')
,(55221500,'A00131')
,(55224000,'A00131')
,(55229000,'A00131')
,(56200000,'A00133')
,(56300000,'A00133')
;
INSERT INTO public.account_chart (ldg_account,fs_account) VALUES 
(56400000,'A00133')
,(61102110,'A00006')
,(61102120,'A00006')
,(61102140,'A00006')
,(61102160,'A00006')
,(61102190,'A00006')
,(61102210,'A00006')
,(61102220,'A00006')
,(61102240,'A00006')
,(61102250,'A00006')
;
INSERT INTO public.account_chart (ldg_account,fs_account) VALUES 
(61102290,'A00006')
,(61105100,'A00006')
,(61105294,'A00006')
,(62211400,'A00007')
,(62211800,'A00007')
,(62211900,'A00007')
,(62212100,'A00007')
,(62212230,'A00007')
,(62212300,'A00007')
,(62212700,'A00007')
;
INSERT INTO public.account_chart (ldg_account,fs_account) VALUES 
(62213000,'A00007')
,(62213201,'A00007')
,(62214000,'A00007')
,(62239900,'A00007')
,(62240400,'A00007')
,(62240790,'A00007')
,(62240900,'A00007')
,(62241700,'A00007')
,(62250100,'A00007')
,(62250300,'A00007')
;
INSERT INTO public.account_chart (ldg_account,fs_account) VALUES 
(62260300,'A00007')
,(62260413,'A00007')
,(62260414,'A00007')
,(62320200,'A00007')
,(62320300,'A00007')
,(62340100,'A00007')
,(62340400,'A00007')
,(62340500,'A00007')
,(62421112,'A00007')
,(62421121,'A00007')
;
INSERT INTO public.account_chart (ldg_account,fs_account) VALUES 
(62422200,'A00007')
,(62422400,'A00007')
,(62480200,'A00007')
,(62511201,'A00007')
,(62520000,'A00007')
,(62610220,'A00007')
,(62610300,'A00007')
,(62610500,'A00007')
,(62610630,'A00007')
,(62610643,'A00007')
;
INSERT INTO public.account_chart (ldg_account,fs_account) VALUES 
(62610644,'A00007')
,(62630160,'A00007')
,(62630192,'A00007')
,(62660100,'A00007')
,(62680301,'A00007')
,(62680503,'A00007')
,(62680504,'A00007')
,(62680600,'A00007')
,(62680800,'A00007')
,(62680900,'A00007')
;
INSERT INTO public.account_chart (ldg_account,fs_account) VALUES 
(62689900,'A00007')
,(63150100,'A00008')
,(63221111,'A00008')
,(63221211,'A00008')
,(63222023,'A00008')
,(63252100,'A00008')
,(63252200,'A00008')
,(63252300,'A00008')
,(63260210,'A00008')
,(63260220,'A00008')
;
INSERT INTO public.account_chart (ldg_account,fs_account) VALUES 
(63260230,'A00008')
,(63421000,'A00008')
,(63720210,'A00008')
,(63720220,'A00008')
,(63720230,'A00008')
,(63720610,'A00008')
,(63721110,'A00008')
,(63729900,'A00008')
,(63802200,'A00008')
,(63807012,'A00008')
;
INSERT INTO public.account_chart (ldg_account,fs_account) VALUES 
(63807013,'A00008')
,(63807033,'A00008')
,(63807041,'A00008')
,(63807051,'A00008')
,(63807052,'A00008')
,(63807053,'A00008')
,(63807063,'A00008')
,(64330000,'A00019')
,(64351000,'A00019')
,(65211000,'A00011')
;
INSERT INTO public.account_chart (ldg_account,fs_account) VALUES 
(68120111,'A00017')
,(68120113,'A00017')
,(68120114,'A00017')
,(68120121,'A00017')
,(68120311,'A00017')
,(68131000,'A00017')
,(68133000,'A00017')
,(68300000,'A00017')
,(68411000,'A00017')
,(68412000,'A00017')
;
INSERT INTO public.account_chart (ldg_account,fs_account) VALUES 
(68420000,'A00017')
,(68813000,'A00017')
,(68814000,'A00017')
,(68819000,'A00017')
,(68821210,'A00017')
,(68821220,'A00017')
,(68821230,'A00017')
,(68821300,'A00017')
,(68830000,'A00017')
,(68841000,'A00017')
;
INSERT INTO public.account_chart (ldg_account,fs_account) VALUES 
(68842000,'A00017')
,(68843000,'A00017')
,(68849000,'A00017')
,(68870160,'A00017')
,(68870711,'A00017')
,(68870713,'A00017')
,(68870715,'A00017')
,(68870716,'A00017')
,(68870718,'A00017')
,(68870820,'A00017')
;
INSERT INTO public.account_chart (ldg_account,fs_account) VALUES 
(68870900,'A00017')
,(68871100,'A00017')
,(68871200,'A00017')
,(68871300,'A00017')
,(68880200,'A00017')
,(68880623,'A00017')
,(68880631,'A00017')
,(68889900,'A00017')
,(69110801,'A00023')
,(69131000,'A00023')
;
INSERT INTO public.account_chart (ldg_account,fs_account) VALUES 
(69180300,'A00023')
,(69180500,'A00023')
,(69211000,'A00023')
,(69221000,'A00023')
,(69232000,'A00023')
,(69820400,'A00023')
,(69820600,'A00023')
,(69880000,'A00023')
,(71102110,'A00001')
,(71102120,'A00001')
;
INSERT INTO public.account_chart (ldg_account,fs_account) VALUES 
(71102190,'A00001')
,(71102210,'A00001')
,(71102220,'A00001')
,(71102290,'A00001')
,(71105110,'A00001')
,(71105120,'A00001')
,(71105130,'A00001')
,(71710511,'A00001')
,(71710512,'A00001')
,(71810212,'A00001')
;
INSERT INTO public.account_chart (ldg_account,fs_account) VALUES 
(71810213,'A00001')
,(71810223,'A00001')
,(71810511,'A00001')
,(72011110,'A00001')
,(72011210,'A00001')
,(72011310,'A00001')
,(72011410,'A00001')
,(72011420,'A00001')
,(72012110,'A00001')
,(72012210,'A00001')
;
INSERT INTO public.account_chart (ldg_account,fs_account) VALUES 
(72501100,'A00001')
,(72502100,'A00001')
,(72503300,'A00001')
,(72509011,'A00001')
,(72509012,'A00001')
,(72701111,'A00001')
,(72701121,'A00001')
,(72701131,'A00001')
,(72701141,'A00001')
,(72801190,'A00001')
;
INSERT INTO public.account_chart (ldg_account,fs_account) VALUES 
(74520000,'A00005')
,(74540000,'A00005')
,(74550000,'A00005')
,(76221100,'A00010')
,(76221110,'A00010')
,(76221120,'A00010')
,(78110000,'A00016')
,(78160300,'A00016')
,(78300000,'A00016')
,(78411000,'A00016')
;
INSERT INTO public.account_chart (ldg_account,fs_account) VALUES 
(78420000,'A00016')
,(78613100,'A00016')
,(78613200,'A00016')
,(78712100,'A00016')
,(78782000,'A00016')
,(78811000,'A00016')
,(78813000,'A00016')
,(78819000,'A00016')
,(78860120,'A00016')
,(78860130,'A00016')
;
INSERT INTO public.account_chart (ldg_account,fs_account) VALUES 
(78860220,'A00016')
,(78860513,'A00016')
,(78860515,'A00016')
,(78880303,'A00016')
,(78880500,'A00016')
,(78889900,'A00016')
,(79180100,'A00022')
,(45300000,'A00101')
,(45400000,'A00104')
,(81220000,'A00026')
;
INSERT INTO public.account_chart (ldg_account,fs_account) VALUES 
(22110100,'A00146')
,(22110400,'A00146')
,(22110500,'A00146')
,(22110600,'A00146')
,(22120000,'A00146')
,(22130000,'A00146')
,(22160000,'A00146')
,(22520000,'A00146')
,(22530000,'A00146')
,(22540000,'A00146')
;
INSERT INTO public.account_chart (ldg_account,fs_account) VALUES 
(22110300,'A00146')
,(22170000,'A00146')
,(22190000,'A00146')
;


INSERT INTO public.ledger (vat_number,"year","month",account_chart,value) VALUES 
(513259236,2019,6,11100000,0.0)
,(513259236,2019,6,11210300,1000.0)
,(513259236,2019,6,11212600,1500.0)
,(513259236,2019,6,11222500,2000.0)
,(513259236,2019,6,12010101,64358.0)
,(513259236,2019,6,12010102,0.0)
,(513259236,2019,6,12020101,8867.0)
,(513259236,2019,6,12020102,0.0)
,(513259236,2019,6,12030101,859900.0)
,(513259236,2019,6,12030102,0.0)
;
INSERT INTO public.ledger (vat_number,"year","month",account_chart,value) VALUES 
(513259236,2019,6,12040101,8590.0)
,(513259236,2019,6,12040102,-489.0)
,(513259236,2019,6,12050101,9598.0)
,(513259236,2019,6,12050102,0.0)
,(513259236,2019,6,12080101,0.0)
,(513259236,2019,6,12090101,8204.0)
,(513259236,2019,6,12090102,0.0)
,(513259236,2019,6,12120101,11279.0)
,(513259236,2019,6,12120102,0.0)
,(513259236,2019,6,16100000,11502.0)
;
INSERT INTO public.ledger (vat_number,"year","month",account_chart,value) VALUES 
(513259236,2019,6,17111000,58021.0)
,(513259236,2019,6,17121000,-92335.0)
,(513259236,2019,6,17211000,32894.0)
,(513259236,2019,6,17221000,-1527.0)
,(513259236,2019,6,17410000,-3666.0)
,(513259236,2019,6,17510000,0.0)
,(513259236,2019,6,17990000,0.0)
,(513259236,2019,6,21110100,4102583.0)
,(513259236,2019,6,21110200,0.0)
,(513259236,2019,6,21110400,1305.0)
;
INSERT INTO public.ledger (vat_number,"year","month",account_chart,value) VALUES 
(513259236,2019,6,21110500,645450.0)
,(513259236,2019,6,21120000,227.0)
,(513259236,2019,6,21160000,21623.0)
,(513259236,2019,6,21310000,277957.0)
,(513259236,2019,6,21500000,5620489.0)
,(513259236,2019,6,21700000,92198.0)
,(513259236,2019,6,21800000,-131683.0)
,(513259236,2019,6,21910000,-66929.0)
,(513259236,2019,6,21920000,-64310.0)
,(513259236,2019,6,22110100,-1018688.0)
;
INSERT INTO public.ledger (vat_number,"year","month",account_chart,value) VALUES 
(513259236,2019,6,22110400,-14.0)
,(513259236,2019,6,22110500,-1.1372685E7)
,(513259236,2019,6,22110600,-50.0)
,(513259236,2019,6,22120000,-75697.0)
,(513259236,2019,6,22130000,0.0)
,(513259236,2019,6,22160000,-37858.0)
,(513259236,2019,6,22520000,-108174.0)
,(513259236,2019,6,22530000,-207865.0)
,(513259236,2019,6,22540000,0.0)
,(513259236,2019,6,22800000,44255.0)
;
INSERT INTO public.ledger (vat_number,"year","month",account_chart,value) VALUES 
(513259236,2019,6,23120000,0.0)
,(513259236,2019,6,23220000,102.0)
,(513259236,2019,6,23300000,6806.0)
,(513259236,2019,6,23310000,0.0)
,(513259236,2019,6,24121000,39.0)
,(513259236,2019,6,24122000,5132.0)
,(513259236,2019,6,24150000,0.0)
,(513259236,2019,6,24210000,-75243.0)
,(513259236,2019,6,24220000,0.0)
,(513259236,2019,6,24250000,-12.0)
;
INSERT INTO public.ledger (vat_number,"year","month",account_chart,value) VALUES 
(513259236,2019,6,24321000,0.0)
,(513259236,2019,6,24322000,0.0)
,(513259236,2019,6,24323000,0.0)
,(513259236,2019,6,24331000,0.0)
,(513259236,2019,6,24333000,0.0)
,(513259236,2019,6,24334000,0.0)
,(513259236,2019,6,24341000,0.0)
,(513259236,2019,6,24342000,0.0)
,(513259236,2019,6,24350000,0.0)
,(513259236,2019,6,24361000,-2162981.0)
;
INSERT INTO public.ledger (vat_number,"year","month",account_chart,value) VALUES 
(513259236,2019,6,24380100,16882.0)
,(513259236,2019,6,24412000,-3507.0)
,(513259236,2019,6,24500000,-127538.0)
,(513259236,2019,6,24520000,135.0)
,(513259236,2019,6,25111301,-3612611.0)
,(513259236,2019,6,25111304,-4471897.0)
,(513259236,2019,6,25111403,-5292581.0)
,(513259236,2019,6,25521100,-8757217.0)
,(513259236,2019,6,27110000,-16949.0)
,(513259236,2019,6,27210100,0.0)
;
INSERT INTO public.ledger (vat_number,"year","month",account_chart,value) VALUES 
(513259236,2019,6,27210200,67654.0)
,(513259236,2019,6,27210410,30000.0)
,(513259236,2019,6,27211200,2412.0)
,(513259236,2019,6,27219800,5793.0)
,(513259236,2019,6,27219900,17400.0)
,(513259236,2019,6,27221112,-100396.0)
,(513259236,2019,6,27221113,-80021.0)
,(513259236,2019,6,27221114,-76578.0)
,(513259236,2019,6,27221116,-23844.0)
,(513259236,2019,6,27221117,-18506.0)
;
INSERT INTO public.ledger (vat_number,"year","month",account_chart,value) VALUES 
(513259236,2019,6,27221118,-18187.0)
,(513259236,2019,6,27221122,51996.0)
,(513259236,2019,6,27221123,37612.0)
,(513259236,2019,6,27221124,39583.0)
,(513259236,2019,6,27221126,12349.0)
,(513259236,2019,6,27221127,9292.0)
,(513259236,2019,6,27221128,9589.0)
,(513259236,2019,6,27221200,-73701.0)
,(513259236,2019,6,27221311,-81384.0)
,(513259236,2019,6,27221400,-208848.0)
;
INSERT INTO public.ledger (vat_number,"year","month",account_chart,value) VALUES 
(513259236,2019,6,27221500,3624.0)
,(513259236,2019,6,27221601,0.0)
,(513259236,2019,6,27221605,0.0)
,(513259236,2019,6,27222050,-14412.0)
,(513259236,2019,6,27222060,0.0)
,(513259236,2019,6,27223010,-34913.0)
,(513259236,2019,6,27223050,-4466.0)
,(513259236,2019,6,27223120,-10425.0)
,(513259236,2019,6,27223190,0.0)
,(513259236,2019,6,27225000,-9507.0)
;
INSERT INTO public.ledger (vat_number,"year","month",account_chart,value) VALUES 
(513259236,2019,6,27226014,-361970.0)
,(513259236,2019,6,27226019,-231106.0)
,(513259236,2019,6,27229800,-1359.0)
,(513259236,2019,6,27229900,-257057.0)
,(513259236,2019,6,27230000,-105067.0)
,(513259236,2019,6,27411000,25537.0)
,(513259236,2019,6,27420000,0.0)
,(513259236,2019,6,27810201,1.2815E7)
,(513259236,2019,6,27810502,1029.0)
,(513259236,2019,6,27810503,0.0)
;
INSERT INTO public.ledger (vat_number,"year","month",account_chart,value) VALUES 
(513259236,2019,6,27810601,494.0)
,(513259236,2019,6,27810602,0.0)
,(513259236,2019,6,27810607,25.0)
,(513259236,2019,6,27810700,-9497.0)
,(513259236,2019,6,27819900,-1175575.0)
,(513259236,2019,6,27820701,-782.0)
,(513259236,2019,6,27829900,-103093.0)
,(513259236,2019,6,27890100,26482.0)
,(513259236,2019,6,28101100,10806.0)
,(513259236,2019,6,28101200,-7694.0)
;
INSERT INTO public.ledger (vat_number,"year","month",account_chart,value) VALUES 
(513259236,2019,6,28102000,48927.0)
,(513259236,2019,6,28103000,8646.0)
,(513259236,2019,6,28105000,0.0)
,(513259236,2019,6,28112000,3191.0)
,(513259236,2019,6,28117000,4960.0)
,(513259236,2019,6,28122000,12711.0)
,(513259236,2019,6,28198000,81832.0)
,(513259236,2019,6,28201000,0.0)
,(513259236,2019,6,28202000,-1477968.0)
,(513259236,2019,6,28204000,-1968380.0)
;
INSERT INTO public.ledger (vat_number,"year","month",account_chart,value) VALUES 
(513259236,2019,6,28208000,-37233.0)
,(513259236,2019,6,28210000,-280836.0)
,(513259236,2019,6,29200000,-102523.0)
,(513259236,2019,6,31101140,1.986162E7)
,(513259236,2019,6,31101210,-78000.0)
,(513259236,2019,6,31101240,4945559.0)
,(513259236,2019,6,31105201,4458855.0)
,(513259236,2019,6,31105204,0.0)
,(513259236,2019,6,31910000,-2.480718E7)
,(513259236,2019,6,31920000,-4380855.0)
;
INSERT INTO public.ledger (vat_number,"year","month",account_chart,value) VALUES 
(513259236,2019,6,32011100,1307150.0)
,(513259236,2019,6,32011200,7948530.0)
,(513259236,2019,6,32012100,-9763.0)
,(513259236,2019,6,32012200,2666088.0)
,(513259236,2019,6,32050210,886817.0)
,(513259236,2019,6,32500000,0.0)
,(513259236,2019,6,32501000,0.0)
,(513259236,2019,6,32505000,179844.0)
,(513259236,2019,6,32621000,11960.0)
,(513259236,2019,6,32901100,0.0)
;
INSERT INTO public.ledger (vat_number,"year","month",account_chart,value) VALUES 
(513259236,2019,6,32901200,-144497.0)
,(513259236,2019,6,32905000,-52625.0)
,(513259236,2019,6,36200000,261356.0)
,(513259236,2019,6,38051105,-2965997.0)
,(513259236,2019,6,38051106,2935314.0)
,(513259236,2019,6,38052103,-973420.0)
,(513259236,2019,6,38900000,1004103.0)
,(513259236,2019,6,41410197,8807.0)
,(513259236,2019,6,43200000,29005.0)
,(513259236,2019,6,43300000,275260.0)
;
INSERT INTO public.ledger (vat_number,"year","month",account_chart,value) VALUES 
(513259236,2019,6,43400000,16480.0)
,(513259236,2019,6,43500000,7250.0)
,(513259236,2019,6,43700000,96740.0)
,(513259236,2019,6,43820000,-3857.0)
,(513259236,2019,6,43830000,-155992.0)
,(513259236,2019,6,43840000,-12583.0)
,(513259236,2019,6,43850000,-6693.0)
,(513259236,2019,6,43870000,-73680.0)
,(513259236,2019,6,44101000,4186332.0)
,(513259236,2019,6,44300000,98987.0)
;
INSERT INTO public.ledger (vat_number,"year","month",account_chart,value) VALUES 
(513259236,2019,6,44510000,9429467.0)
,(513259236,2019,6,44830000,-98987.0)
,(513259236,2019,6,44851000,-670314.0)
,(513259236,2019,6,51000000,-4000000.0)
,(513259236,2019,6,55100000,-521348.0)
,(513259236,2019,6,55210000,-2398143.0)
,(513259236,2019,6,56100000,0.0)
,(513259236,2019,6,61101110,135324.0)
,(513259236,2019,6,61101140,2.2461668E7)
,(513259236,2019,6,61101160,-25000.0)
;
INSERT INTO public.ledger (vat_number,"year","month",account_chart,value) VALUES 
(513259236,2019,6,61101190,-75649.0)
,(513259236,2019,6,61101210,-248029.0)
,(513259236,2019,6,61101230,-53266.0)
,(513259236,2019,6,61101240,4045813.0)
,(513259236,2019,6,61101290,-67010.0)
,(513259236,2019,6,61105210,3506116.0)
,(513259236,2019,6,61105291,-35851.0)
,(513259236,2019,6,61105293,-27537.0)
,(513259236,2019,6,62101100,245972.0)
,(513259236,2019,6,62101200,56493.0)
;
INSERT INTO public.ledger (vat_number,"year","month",account_chart,value) VALUES 
(513259236,2019,6,62102000,766326.0)
,(513259236,2019,6,62112000,0.0)
,(513259236,2019,6,62210200,9228.0)
,(513259236,2019,6,62210300,5510.0)
,(513259236,2019,6,62210400,10475.0)
,(513259236,2019,6,62210500,23552.0)
,(513259236,2019,6,62210600,1818.0)
,(513259236,2019,6,62210800,86.0)
,(513259236,2019,6,62210900,22885.0)
,(513259236,2019,6,62211100,2351.0)
;
INSERT INTO public.ledger (vat_number,"year","month",account_chart,value) VALUES 
(513259236,2019,6,62211600,2027.0)
,(513259236,2019,6,62212000,0.0)
,(513259236,2019,6,62212210,12814.0)
,(513259236,2019,6,62212220,32029.0)
,(513259236,2019,6,62212240,31178.0)
,(513259236,2019,6,62212250,2596.0)
,(513259236,2019,6,62212311,133164.0)
,(513259236,2019,6,62212312,1344.0)
,(513259236,2019,6,62212400,83295.0)
,(513259236,2019,6,62212600,1951.0)
;
INSERT INTO public.ledger (vat_number,"year","month",account_chart,value) VALUES 
(513259236,2019,6,62213400,4200.0)
,(513259236,2019,6,62213600,120.0)
,(513259236,2019,6,62213700,71157.0)
,(513259236,2019,6,62220100,2776.0)
,(513259236,2019,6,62220200,2744.0)
,(513259236,2019,6,62220300,2120.0)
,(513259236,2019,6,62220500,5453.0)
,(513259236,2019,6,62220600,2593.0)
,(513259236,2019,6,62220700,1378.0)
,(513259236,2019,6,62230100,39760.0)
;
INSERT INTO public.ledger (vat_number,"year","month",account_chart,value) VALUES 
(513259236,2019,6,62240300,900.0)
,(513259236,2019,6,62260100,12978.0)
,(513259236,2019,6,62260200,8868.0)
,(513259236,2019,6,62260411,3890.0)
,(513259236,2019,6,62260421,286.0)
,(513259236,2019,6,62260423,0.0)
,(513259236,2019,6,62310000,6409.0)
,(513259236,2019,6,62330000,4666.0)
,(513259236,2019,6,62340200,3123.0)
,(513259236,2019,6,62349900,4211.0)
;
INSERT INTO public.ledger (vat_number,"year","month",account_chart,value) VALUES 
(513259236,2019,6,62350000,0.0)
,(513259236,2019,6,62380100,6981.0)
,(513259236,2019,6,62410100,41885.0)
,(513259236,2019,6,62421111,87.0)
,(513259236,2019,6,62421200,24.0)
,(513259236,2019,6,62422111,22358.0)
,(513259236,2019,6,62422112,27164.0)
,(513259236,2019,6,62422121,24137.0)
,(513259236,2019,6,62430000,6643.0)
,(513259236,2019,6,62480100,3144.0)
;
INSERT INTO public.ledger (vat_number,"year","month",account_chart,value) VALUES 
(513259236,2019,6,62480300,1403.0)
,(513259236,2019,6,62480400,6099.0)
,(513259236,2019,6,62511208,282.0)
,(513259236,2019,6,62512100,31567.0)
,(513259236,2019,6,62512201,17357.0)
,(513259236,2019,6,62512202,2969.0)
,(513259236,2019,6,62512203,4.0)
,(513259236,2019,6,62532100,397.0)
,(513259236,2019,6,62532300,20936.0)
,(513259236,2019,6,62610210,333688.0)
;
INSERT INTO public.ledger (vat_number,"year","month",account_chart,value) VALUES 
(513259236,2019,6,62610400,723.0)
,(513259236,2019,6,62610641,94144.0)
,(513259236,2019,6,62610642,3779.0)
,(513259236,2019,6,62620100,6991.0)
,(513259236,2019,6,62620200,5553.0)
,(513259236,2019,6,62620300,5559.0)
,(513259236,2019,6,62620400,3858.0)
,(513259236,2019,6,62620500,106.0)
,(513259236,2019,6,62620600,177.0)
,(513259236,2019,6,62630111,5595.0)
;
INSERT INTO public.ledger (vat_number,"year","month",account_chart,value) VALUES 
(513259236,2019,6,62630121,1656.0)
,(513259236,2019,6,62630130,4075.0)
,(513259236,2019,6,62630150,1680.0)
,(513259236,2019,6,62630191,0.0)
,(513259236,2019,6,62630400,0.0)
,(513259236,2019,6,62630500,9320.0)
,(513259236,2019,6,62630600,780.0)
,(513259236,2019,6,62630701,1890.0)
,(513259236,2019,6,62630799,2239.0)
,(513259236,2019,6,62630900,284.0)
;
INSERT INTO public.ledger (vat_number,"year","month",account_chart,value) VALUES 
(513259236,2019,6,62650100,787.0)
,(513259236,2019,6,62650200,1148.0)
,(513259236,2019,6,62660200,3912.0)
,(513259236,2019,6,62660700,3209.0)
,(513259236,2019,6,62670100,49134.0)
,(513259236,2019,6,62670200,192.0)
,(513259236,2019,6,62680104,31385.0)
,(513259236,2019,6,62680107,169604.0)
,(513259236,2019,6,62680402,41250.0)
,(513259236,2019,6,62680501,34500.0)
;
INSERT INTO public.ledger (vat_number,"year","month",account_chart,value) VALUES 
(513259236,2019,6,62680502,141244.0)
,(513259236,2019,6,62689800,0.0)
,(513259236,2019,6,63211100,287615.0)
,(513259236,2019,6,63211200,217950.0)
,(513259236,2019,6,63211300,234092.0)
,(513259236,2019,6,63212300,14802.0)
,(513259236,2019,6,63221112,855.0)
,(513259236,2019,6,63221113,416.0)
,(513259236,2019,6,63221121,24400.0)
,(513259236,2019,6,63221122,18462.0)
;
INSERT INTO public.ledger (vat_number,"year","month",account_chart,value) VALUES 
(513259236,2019,6,63221123,34166.0)
,(513259236,2019,6,63221212,321.0)
,(513259236,2019,6,63221213,1630.0)
,(513259236,2019,6,63221221,24400.0)
,(513259236,2019,6,63221222,18462.0)
,(513259236,2019,6,63221223,34166.0)
,(513259236,2019,6,63222012,4025.0)
,(513259236,2019,6,63222013,2499.0)
,(513259236,2019,6,63222021,3168.0)
,(513259236,2019,6,63222031,18428.0)
;
INSERT INTO public.ledger (vat_number,"year","month",account_chart,value) VALUES 
(513259236,2019,6,63222032,29923.0)
,(513259236,2019,6,63222033,33294.0)
,(513259236,2019,6,63222041,4790.0)
,(513259236,2019,6,63222042,24290.0)
,(513259236,2019,6,63222043,9721.0)
,(513259236,2019,6,63222061,928.0)
,(513259236,2019,6,63231000,668.0)
,(513259236,2019,6,63232000,26063.0)
,(513259236,2019,6,63233000,5601.0)
,(513259236,2019,6,63240000,197083.0)
;
INSERT INTO public.ledger (vat_number,"year","month",account_chart,value) VALUES 
(513259236,2019,6,63251110,-34708.0)
,(513259236,2019,6,63251120,6789.0)
,(513259236,2019,6,63251130,3543.0)
,(513259236,2019,6,63251210,51101.0)
,(513259236,2019,6,63251220,515.0)
,(513259236,2019,6,63251230,3637.0)
,(513259236,2019,6,63260320,1953.0)
,(513259236,2019,6,63260330,1610.0)
,(513259236,2019,6,63269910,22087.0)
,(513259236,2019,6,63269920,21199.0)
;
INSERT INTO public.ledger (vat_number,"year","month",account_chart,value) VALUES 
(513259236,2019,6,63269930,19017.0)
,(513259236,2019,6,63410000,1365.0)
,(513259236,2019,6,63521100,69450.0)
,(513259236,2019,6,63521200,69022.0)
,(513259236,2019,6,63521300,109950.0)
,(513259236,2019,6,63522100,11590.0)
,(513259236,2019,6,63522200,8679.0)
,(513259236,2019,6,63522300,9175.0)
,(513259236,2019,6,63523100,12136.0)
,(513259236,2019,6,63523200,122.0)
;
INSERT INTO public.ledger (vat_number,"year","month",account_chart,value) VALUES 
(513259236,2019,6,63523300,11410.0)
,(513259236,2019,6,63524100,48.0)
,(513259236,2019,6,63524200,75.0)
,(513259236,2019,6,63524300,63.0)
,(513259236,2019,6,63621000,5446.0)
,(513259236,2019,6,63622000,4052.0)
,(513259236,2019,6,63623000,6989.0)
,(513259236,2019,6,63720110,14053.0)
,(513259236,2019,6,63720120,25394.0)
,(513259236,2019,6,63720130,26961.0)
;
INSERT INTO public.ledger (vat_number,"year","month",account_chart,value) VALUES 
(513259236,2019,6,63720620,2028.0)
,(513259236,2019,6,63720630,756.0)
,(513259236,2019,6,63720700,827.0)
,(513259236,2019,6,63720800,1358.0)
,(513259236,2019,6,63720920,1802.0)
,(513259236,2019,6,63720930,160.0)
,(513259236,2019,6,63721120,2125.0)
,(513259236,2019,6,63721150,5400.0)
,(513259236,2019,6,63801100,2493.0)
,(513259236,2019,6,63802100,4095.0)
;
INSERT INTO public.ledger (vat_number,"year","month",account_chart,value) VALUES 
(513259236,2019,6,63803000,6221.0)
,(513259236,2019,6,63804000,9936.0)
,(513259236,2019,6,63807011,5913.0)
,(513259236,2019,6,63807031,569.0)
,(513259236,2019,6,63899000,50.0)
,(513259236,2019,6,64220000,1141.0)
,(513259236,2019,6,64230000,17592.0)
,(513259236,2019,6,64240000,1975.0)
,(513259236,2019,6,64250000,576.0)
,(513259236,2019,6,64270000,4653.0)
;
INSERT INTO public.ledger (vat_number,"year","month",account_chart,value) VALUES 
(513259236,2019,6,65111000,11466.0)
,(513259236,2019,6,65112000,30685.0)
,(513259236,2019,6,65211100,25000.0)
,(513259236,2019,6,65211200,176282.0)
,(513259236,2019,6,65212100,21856.0)
,(513259236,2019,6,67200000,48990.0)
,(513259236,2019,6,68120120,19.0)
,(513259236,2019,6,68120312,161.0)
,(513259236,2019,6,68120320,2713.0)
,(513259236,2019,6,68139000,198.0)
;
INSERT INTO public.ledger (vat_number,"year","month",account_chart,value) VALUES 
(513259236,2019,6,68220000,36.0)
,(513259236,2019,6,68811000,3193.0)
,(513259236,2019,6,68812000,0.0)
,(513259236,2019,6,68821900,5000.0)
,(513259236,2019,6,68870110,299604.0)
,(513259236,2019,6,68870140,146972.0)
,(513259236,2019,6,68870300,6073.0)
,(513259236,2019,6,68870400,787526.0)
,(513259236,2019,6,68870500,16854.0)
,(513259236,2019,6,68870712,2125.0)
;
INSERT INTO public.ledger (vat_number,"year","month",account_chart,value) VALUES 
(513259236,2019,6,68871000,3787.0)
,(513259236,2019,6,68880610,0.0)
,(513259236,2019,6,68880624,233.0)
,(513259236,2019,6,68880629,148.0)
,(513259236,2019,6,68880633,1832.0)
,(513259236,2019,6,69110150,32.0)
,(513259236,2019,6,69110600,86729.0)
,(513259236,2019,6,69110700,12435.0)
,(513259236,2019,6,69110701,42069.0)
,(513259236,2019,6,69110901,17046.0)
;
INSERT INTO public.ledger (vat_number,"year","month",account_chart,value) VALUES 
(513259236,2019,6,69180100,15.0)
,(513259236,2019,6,69180200,20.0)
,(513259236,2019,6,69231000,1255.0)
,(513259236,2019,6,69814000,1767.0)
,(513259236,2019,6,69815000,4256.0)
,(513259236,2019,6,69818000,130.0)
,(513259236,2019,6,69819000,29579.0)
,(513259236,2019,6,69820200,404.0)
,(513259236,2019,6,69820500,2069.0)
,(513259236,2019,6,69820700,799.0)
;
INSERT INTO public.ledger (vat_number,"year","month",account_chart,value) VALUES 
(513259236,2019,6,69820800,10.0)
,(513259236,2019,6,69820900,12723.0)
,(513259236,2019,6,69821000,1109.0)
,(513259236,2019,6,69822001,14967.0)
,(513259236,2019,6,69829900,1047.0)
,(513259236,2019,6,71101110,314566.0)
,(513259236,2019,6,71101120,-2.6175084E7)
,(513259236,2019,6,71101210,68500.0)
,(513259236,2019,6,71101220,-3907202.0)
,(513259236,2019,6,71105211,-4058341.0)
;
INSERT INTO public.ledger (vat_number,"year","month",account_chart,value) VALUES 
(513259236,2019,6,71108110,-795623.0)
,(513259236,2019,6,71710112,0.0)
,(513259236,2019,6,71710113,2434206.0)
,(513259236,2019,6,71710121,-87000.0)
,(513259236,2019,6,71710122,87000.0)
,(513259236,2019,6,71710123,186500.0)
,(513259236,2019,6,71710521,417622.0)
,(513259236,2019,6,71810111,96040.0)
,(513259236,2019,6,71810119,9374.0)
,(513259236,2019,6,71810527,54086.0)
;
INSERT INTO public.ledger (vat_number,"year","month",account_chart,value) VALUES 
(513259236,2019,6,72011120,-1628061.0)
,(513259236,2019,6,72050000,-1718307.0)
,(513259236,2019,6,72501300,-31115.0)
,(513259236,2019,6,72507300,-2900.0)
,(513259236,2019,6,72701112,255320.0)
,(513259236,2019,6,72805000,41529.0)
,(513259236,2019,6,73310000,-122309.0)
,(513259236,2019,6,73320000,-55964.0)
,(513259236,2019,6,74510000,-959123.0)
,(513259236,2019,6,76211100,-8438.0)
;
INSERT INTO public.ledger (vat_number,"year","month",account_chart,value) VALUES 
(513259236,2019,6,76211200,-1005.0)
,(513259236,2019,6,76221210,-26615.0)
,(513259236,2019,6,78160202,-18100.0)
,(513259236,2019,6,78160203,-169604.0)
,(513259236,2019,6,78220000,-132.0)
,(513259236,2019,6,78820000,-164.0)
,(513259236,2019,6,78860210,0.0)
,(513259236,2019,6,78860391,-80.0)
,(513259236,2019,6,78860430,-7740.0)
,(513259236,2019,6,78860505,-19872.0)
;
INSERT INTO public.ledger (vat_number,"year","month",account_chart,value) VALUES 
(513259236,2019,6,78860508,-14238.0)
,(513259236,2019,6,78860511,0.0)
,(513259236,2019,6,78860599,-2929.0)
,(513259236,2019,6,78880200,-1369.0)
,(513259236,2019,6,78880300,-208.0)
,(513259236,2019,6,78880400,-3073.0)
,(513259236,2019,6,79110000,-37.0)
,(513259236,2019,6,79130000,-128736.0)
,(513259236,2019,6,81121000,0.0)
,(513259236,2019,6,81122000,0.0)
;
INSERT INTO public.ledger (vat_number,"year","month",account_chart,value) VALUES 
(513259236,2019,6,81800000,0.0)
,(513259236,2018,6,11100000,0.0)
,(513259236,2018,6,11210300,1000.0)
,(513259236,2018,6,11212600,1500.0)
,(513259236,2018,6,11222500,2000.0)
,(513259236,2018,6,12010101,44173.0)
,(513259236,2018,6,12010102,0.0)
,(513259236,2018,6,12020101,5193.0)
,(513259236,2018,6,12020102,0.0)
,(513259236,2018,6,12030101,398415.0)
;
INSERT INTO public.ledger (vat_number,"year","month",account_chart,value) VALUES 
(513259236,2018,6,12030102,0.0)
,(513259236,2018,6,12040101,5087.0)
,(513259236,2018,6,12040102,0.0)
,(513259236,2018,6,12050101,190374.0)
,(513259236,2018,6,12050102,0.0)
,(513259236,2018,6,12080101,0.0)
,(513259236,2018,6,12080102,0.0)
,(513259236,2018,6,12090101,2329.0)
,(513259236,2018,6,12090102,0.0)
,(513259236,2018,6,12120101,2065.0)
;
INSERT INTO public.ledger (vat_number,"year","month",account_chart,value) VALUES 
(513259236,2018,6,12120102,0.0)
,(513259236,2018,6,16100000,15996.0)
,(513259236,2018,6,17111000,0.0)
,(513259236,2018,6,17121000,-9573.0)
,(513259236,2018,6,17211000,20558.0)
,(513259236,2018,6,17221000,0.0)
,(513259236,2018,6,17410000,0.0)
,(513259236,2018,6,17510000,0.0)
,(513259236,2018,6,21110100,3579178.0)
,(513259236,2018,6,21110200,310.0)
;
INSERT INTO public.ledger (vat_number,"year","month",account_chart,value) VALUES 
(513259236,2018,6,21110300,24463.0)
,(513259236,2018,6,21110400,5758.0)
,(513259236,2018,6,21110500,682376.0)
,(513259236,2018,6,21120000,3234.0)
,(513259236,2018,6,21160000,599.0)
,(513259236,2018,6,21210100,0.0)
,(513259236,2018,6,21310000,664690.0)
,(513259236,2018,6,21500000,8605654.0)
,(513259236,2018,6,21700000,18906.0)
,(513259236,2018,6,21800000,-71923.0)
;
INSERT INTO public.ledger (vat_number,"year","month",account_chart,value) VALUES 
(513259236,2018,6,21910000,-11222.0)
,(513259236,2018,6,21920000,-50359.0)
,(513259236,2018,6,22110100,-1970190.0)
,(513259236,2018,6,22110300,0.0)
,(513259236,2018,6,22110400,-14.0)
,(513259236,2018,6,22110500,-5976709.0)
,(513259236,2018,6,22110600,-50.0)
,(513259236,2018,6,22120000,-92109.0)
,(513259236,2018,6,22130000,-45525.0)
,(513259236,2018,6,22160000,-23229.0)
;
INSERT INTO public.ledger (vat_number,"year","month",account_chart,value) VALUES 
(513259236,2018,6,22170000,0.0)
,(513259236,2018,6,22190000,0.0)
,(513259236,2018,6,22520000,-15972.0)
,(513259236,2018,6,22530000,-70860.0)
,(513259236,2018,6,22540000,0.0)
,(513259236,2018,6,22800000,62205.0)
,(513259236,2018,6,23120000,0.0)
,(513259236,2018,6,23220000,109.0)
,(513259236,2018,6,23300000,9427.0)
,(513259236,2018,6,23310000,0.0)
;
INSERT INTO public.ledger (vat_number,"year","month",account_chart,value) VALUES 
(513259236,2018,6,24121000,138.0)
,(513259236,2018,6,24122000,4804.0)
,(513259236,2018,6,24150000,0.0)
,(513259236,2018,6,24210000,-74579.0)
,(513259236,2018,6,24220000,-225.0)
,(513259236,2018,6,24250000,-61.0)
,(513259236,2018,6,24260000,0.0)
,(513259236,2018,6,24321000,0.0)
,(513259236,2018,6,24322000,0.0)
,(513259236,2018,6,24323000,0.0)
;
INSERT INTO public.ledger (vat_number,"year","month",account_chart,value) VALUES 
(513259236,2018,6,24331000,0.0)
,(513259236,2018,6,24333000,0.0)
,(513259236,2018,6,24334000,0.0)
,(513259236,2018,6,24341000,0.0)
,(513259236,2018,6,24342000,0.0)
,(513259236,2018,6,24350000,0.0)
,(513259236,2018,6,24361000,-2616244.0)
,(513259236,2018,6,24380100,14438.0)
,(513259236,2018,6,24412000,-718.0)
,(513259236,2018,6,24500000,-117917.0)
;
INSERT INTO public.ledger (vat_number,"year","month",account_chart,value) VALUES 
(513259236,2018,6,24520000,138.0)
,(513259236,2018,6,25111301,-4637786.0)
,(513259236,2018,6,25111304,0.0)
,(513259236,2018,6,25111403,-8251498.0)
,(513259236,2018,6,25312000,0.0)
,(513259236,2018,6,25521100,0.0)
,(513259236,2018,6,27110000,0.0)
,(513259236,2018,6,27210100,-1.0)
,(513259236,2018,6,27210200,177450.0)
,(513259236,2018,6,27210410,10000.0)
;
INSERT INTO public.ledger (vat_number,"year","month",account_chart,value) VALUES 
(513259236,2018,6,27211200,1940.0)
,(513259236,2018,6,27219800,70058.0)
,(513259236,2018,6,27219900,1411.0)
,(513259236,2018,6,27221112,-93905.0)
,(513259236,2018,6,27221113,-72783.0)
,(513259236,2018,6,27221114,-79186.0)
,(513259236,2018,6,27221116,-22303.0)
,(513259236,2018,6,27221117,-16314.0)
,(513259236,2018,6,27221118,-18507.0)
,(513259236,2018,6,27221122,48459.0)
;
INSERT INTO public.ledger (vat_number,"year","month",account_chart,value) VALUES 
(513259236,2018,6,27221123,33320.0)
,(513259236,2018,6,27221124,34110.0)
,(513259236,2018,6,27221126,13165.0)
,(513259236,2018,6,27221127,8497.0)
,(513259236,2018,6,27221128,8101.0)
,(513259236,2018,6,27221200,-101572.0)
,(513259236,2018,6,27221311,-77604.0)
,(513259236,2018,6,27221400,-142827.0)
,(513259236,2018,6,27221500,-7690.0)
,(513259236,2018,6,27221601,0.0)
;
INSERT INTO public.ledger (vat_number,"year","month",account_chart,value) VALUES 
(513259236,2018,6,27221603,-211.0)
,(513259236,2018,6,27221605,0.0)
,(513259236,2018,6,27222050,314.0)
,(513259236,2018,6,27222060,0.0)
,(513259236,2018,6,27223010,-7252.0)
,(513259236,2018,6,27223050,-675.0)
,(513259236,2018,6,27223120,-10425.0)
,(513259236,2018,6,27223180,0.0)
,(513259236,2018,6,27223190,0.0)
,(513259236,2018,6,27225000,-29098.0)
;
INSERT INTO public.ledger (vat_number,"year","month",account_chart,value) VALUES 
(513259236,2018,6,27226012,0.0)
,(513259236,2018,6,27226014,-402856.0)
,(513259236,2018,6,27226019,-143589.0)
,(513259236,2018,6,27229800,-68376.0)
,(513259236,2018,6,27229900,-54114.0)
,(513259236,2018,6,27230000,-222151.0)
,(513259236,2018,6,27411000,34800.0)
,(513259236,2018,6,27420000,-131869.0)
,(513259236,2018,6,27810201,4054000.0)
,(513259236,2018,6,27810406,0.0)
;
INSERT INTO public.ledger (vat_number,"year","month",account_chart,value) VALUES 
(513259236,2018,6,27810502,0.0)
,(513259236,2018,6,27810503,4953.0)
,(513259236,2018,6,27810601,1298.0)
,(513259236,2018,6,27810602,0.0)
,(513259236,2018,6,27810607,6445.0)
,(513259236,2018,6,27810700,-8752.0)
,(513259236,2018,6,27819900,107110.0)
,(513259236,2018,6,27820701,-314.0)
,(513259236,2018,6,27829900,-98962.0)
,(513259236,2018,6,27890100,73799.0)
;
INSERT INTO public.ledger (vat_number,"year","month",account_chart,value) VALUES 
(513259236,2018,6,28101100,10751.0)
,(513259236,2018,6,28101200,-5986.0)
,(513259236,2018,6,28102000,48385.0)
,(513259236,2018,6,28103000,10802.0)
,(513259236,2018,6,28105000,39874.0)
,(513259236,2018,6,28109000,11401.0)
,(513259236,2018,6,28112000,345160.0)
,(513259236,2018,6,28117000,190.0)
,(513259236,2018,6,28122000,0.0)
,(513259236,2018,6,28198000,112.0)
;
INSERT INTO public.ledger (vat_number,"year","month",account_chart,value) VALUES 
(513259236,2018,6,28201000,0.0)
,(513259236,2018,6,28202000,-1261845.0)
,(513259236,2018,6,28204000,-1648147.0)
,(513259236,2018,6,28208000,-36200.0)
,(513259236,2018,6,28210000,0.0)
,(513259236,2018,6,29200000,-106664.0)
,(513259236,2018,6,31101140,2.3093616E7)
,(513259236,2018,6,31101190,0.0)
,(513259236,2018,6,31101210,0.0)
,(513259236,2018,6,31101240,3492165.0)
;
INSERT INTO public.ledger (vat_number,"year","month",account_chart,value) VALUES 
(513259236,2018,6,31105201,4402266.0)
,(513259236,2018,6,31810521,0.0)
,(513259236,2018,6,31910000,-2.658578E7)
,(513259236,2018,6,31920000,-4402266.0)
,(513259236,2018,6,32011100,936573.0)
,(513259236,2018,6,32011200,7425001.0)
,(513259236,2018,6,32012100,-62747.0)
,(513259236,2018,6,32012200,2547513.0)
,(513259236,2018,6,32050210,917720.0)
,(513259236,2018,6,32500000,97911.0)
;
INSERT INTO public.ledger (vat_number,"year","month",account_chart,value) VALUES 
(513259236,2018,6,32501000,0.0)
,(513259236,2018,6,32505000,0.0)
,(513259236,2018,6,32621000,14149.0)
,(513259236,2018,6,32901200,0.0)
,(513259236,2018,6,32905000,-76868.0)
,(513259236,2018,6,36200000,163506.0)
,(513259236,2018,6,38011110,0.0)
,(513259236,2018,6,38012130,0.0)
,(513259236,2018,6,38051105,-3086548.0)
,(513259236,2018,6,38051106,3071663.0)
;
INSERT INTO public.ledger (vat_number,"year","month",account_chart,value) VALUES 
(513259236,2018,6,38052103,-825233.0)
,(513259236,2018,6,38900000,840118.0)
,(513259236,2018,6,41410197,0.0)
,(513259236,2018,6,43200000,18280.0)
,(513259236,2018,6,43300000,256981.0)
,(513259236,2018,6,43400000,16480.0)
,(513259236,2018,6,43500000,7250.0)
,(513259236,2018,6,43700000,92473.0)
,(513259236,2018,6,43820000,-1754.0)
,(513259236,2018,6,43830000,-110773.0)
;
INSERT INTO public.ledger (vat_number,"year","month",account_chart,value) VALUES 
(513259236,2018,6,43840000,-8632.0)
,(513259236,2018,6,43850000,-5538.0)
,(513259236,2018,6,43870000,-53128.0)
,(513259236,2018,6,44101000,4186332.0)
,(513259236,2018,6,44300000,98987.0)
,(513259236,2018,6,44510000,0.0)
,(513259236,2018,6,44830000,-88519.0)
,(513259236,2018,6,44851000,0.0)
,(513259236,2018,6,45300000,0.0)
,(513259236,2018,6,51000000,-4000000.0)
;
INSERT INTO public.ledger (vat_number,"year","month",account_chart,value) VALUES 
(513259236,2018,6,55100000,-134257.0)
,(513259236,2018,6,55210000,-2431768.0)
,(513259236,2018,6,56100000,0.0)
,(513259236,2018,6,61101110,2296220.0)
,(513259236,2018,6,61101140,2.0301664E7)
,(513259236,2018,6,61101190,-31505.0)
,(513259236,2018,6,61101210,-220640.0)
,(513259236,2018,6,61101230,0.0)
,(513259236,2018,6,61101240,4429170.0)
,(513259236,2018,6,61101290,23782.0)
;
INSERT INTO public.ledger (vat_number,"year","month",account_chart,value) VALUES 
(513259236,2018,6,61105210,3734496.0)
,(513259236,2018,6,61105291,-133828.0)
,(513259236,2018,6,61105293,-25955.0)
,(513259236,2018,6,62101100,204722.0)
,(513259236,2018,6,62101200,65843.0)
,(513259236,2018,6,62102000,708485.0)
,(513259236,2018,6,62112000,0.0)
,(513259236,2018,6,62210200,10798.0)
,(513259236,2018,6,62210300,5685.0)
,(513259236,2018,6,62210400,10438.0)
;
INSERT INTO public.ledger (vat_number,"year","month",account_chart,value) VALUES 
(513259236,2018,6,62210500,1200.0)
,(513259236,2018,6,62210600,2610.0)
,(513259236,2018,6,62210800,86.0)
,(513259236,2018,6,62210900,26138.0)
,(513259236,2018,6,62211100,2187.0)
,(513259236,2018,6,62211600,0.0)
,(513259236,2018,6,62211900,144.0)
,(513259236,2018,6,62212000,900.0)
,(513259236,2018,6,62212100,0.0)
,(513259236,2018,6,62212210,12002.0)
;
INSERT INTO public.ledger (vat_number,"year","month",account_chart,value) VALUES 
(513259236,2018,6,62212220,29821.0)
,(513259236,2018,6,62212240,40498.0)
,(513259236,2018,6,62212250,2846.0)
,(513259236,2018,6,62212311,128379.0)
,(513259236,2018,6,62212312,915.0)
,(513259236,2018,6,62212400,68786.0)
,(513259236,2018,6,62212600,3763.0)
,(513259236,2018,6,62212700,0.0)
,(513259236,2018,6,62213400,4200.0)
,(513259236,2018,6,62213600,1477.0)
;
INSERT INTO public.ledger (vat_number,"year","month",account_chart,value) VALUES 
(513259236,2018,6,62213700,164.0)
,(513259236,2018,6,62220100,8287.0)
,(513259236,2018,6,62220200,1348.0)
,(513259236,2018,6,62220300,0.0)
,(513259236,2018,6,62220500,16748.0)
,(513259236,2018,6,62220600,3669.0)
,(513259236,2018,6,62220700,5323.0)
,(513259236,2018,6,62230100,34233.0)
,(513259236,2018,6,62240300,0.0)
,(513259236,2018,6,62260100,19453.0)
;
INSERT INTO public.ledger (vat_number,"year","month",account_chart,value) VALUES 
(513259236,2018,6,62260200,7293.0)
,(513259236,2018,6,62260411,2205.0)
,(513259236,2018,6,62260421,50.0)
,(513259236,2018,6,62310000,3260.0)
,(513259236,2018,6,62320300,15.0)
,(513259236,2018,6,62330000,6456.0)
,(513259236,2018,6,62340100,0.0)
,(513259236,2018,6,62349900,22247.0)
,(513259236,2018,6,62380100,8228.0)
,(513259236,2018,6,62410100,38625.0)
;
INSERT INTO public.ledger (vat_number,"year","month",account_chart,value) VALUES 
(513259236,2018,6,62421111,139.0)
,(513259236,2018,6,62421121,0.0)
,(513259236,2018,6,62421200,22.0)
,(513259236,2018,6,62422111,20256.0)
,(513259236,2018,6,62422112,27729.0)
,(513259236,2018,6,62422121,22236.0)
,(513259236,2018,6,62430000,4942.0)
,(513259236,2018,6,62480100,2173.0)
,(513259236,2018,6,62480300,325.0)
,(513259236,2018,6,62480400,3713.0)
;
INSERT INTO public.ledger (vat_number,"year","month",account_chart,value) VALUES 
(513259236,2018,6,62511208,0.0)
,(513259236,2018,6,62512100,29855.0)
,(513259236,2018,6,62512201,22071.0)
,(513259236,2018,6,62512202,3747.0)
,(513259236,2018,6,62512203,12.0)
,(513259236,2018,6,62532100,6481.0)
,(513259236,2018,6,62532300,17434.0)
,(513259236,2018,6,62610210,329896.0)
,(513259236,2018,6,62610400,1556.0)
,(513259236,2018,6,62610630,100.0)
;
INSERT INTO public.ledger (vat_number,"year","month",account_chart,value) VALUES 
(513259236,2018,6,62610641,85551.0)
,(513259236,2018,6,62610642,3779.0)
,(513259236,2018,6,62620100,6819.0)
,(513259236,2018,6,62620200,5002.0)
,(513259236,2018,6,62620300,4128.0)
,(513259236,2018,6,62620400,3355.0)
,(513259236,2018,6,62620500,56.0)
,(513259236,2018,6,62620600,458.0)
,(513259236,2018,6,62630111,5015.0)
,(513259236,2018,6,62630121,1650.0)
;
INSERT INTO public.ledger (vat_number,"year","month",account_chart,value) VALUES 
(513259236,2018,6,62630130,1977.0)
,(513259236,2018,6,62630150,3520.0)
,(513259236,2018,6,62630191,0.0)
,(513259236,2018,6,62630192,779.0)
,(513259236,2018,6,62630400,0.0)
,(513259236,2018,6,62630500,10346.0)
,(513259236,2018,6,62630600,82.0)
,(513259236,2018,6,62630701,1984.0)
,(513259236,2018,6,62630799,1638.0)
,(513259236,2018,6,62630900,576.0)
;
INSERT INTO public.ledger (vat_number,"year","month",account_chart,value) VALUES 
(513259236,2018,6,62650100,376.0)
,(513259236,2018,6,62650200,365.0)
,(513259236,2018,6,62660100,0.0)
,(513259236,2018,6,62660200,4155.0)
,(513259236,2018,6,62660700,353.0)
,(513259236,2018,6,62670100,45504.0)
,(513259236,2018,6,62670200,6.0)
,(513259236,2018,6,62680104,48537.0)
,(513259236,2018,6,62680107,149719.0)
,(513259236,2018,6,62680402,41250.0)
;
INSERT INTO public.ledger (vat_number,"year","month",account_chart,value) VALUES 
(513259236,2018,6,62680501,34955.0)
,(513259236,2018,6,62680502,117652.0)
,(513259236,2018,6,62689800,0.0)
,(513259236,2018,6,63211100,289188.0)
,(513259236,2018,6,63211200,202201.0)
,(513259236,2018,6,63211300,209385.0)
,(513259236,2018,6,63221111,2428.0)
,(513259236,2018,6,63221112,276.0)
,(513259236,2018,6,63221113,200.0)
,(513259236,2018,6,63221121,22365.0)
;
INSERT INTO public.ledger (vat_number,"year","month",account_chart,value) VALUES 
(513259236,2018,6,63221122,17618.0)
,(513259236,2018,6,63221123,17741.0)
,(513259236,2018,6,63221211,2688.0)
,(513259236,2018,6,63221212,276.0)
,(513259236,2018,6,63221213,200.0)
,(513259236,2018,6,63221221,22365.0)
,(513259236,2018,6,63221222,17618.0)
,(513259236,2018,6,63221223,17741.0)
,(513259236,2018,6,63222012,2637.0)
,(513259236,2018,6,63222013,1407.0)
;
INSERT INTO public.ledger (vat_number,"year","month",account_chart,value) VALUES 
(513259236,2018,6,63222021,3168.0)
,(513259236,2018,6,63222023,900.0)
,(513259236,2018,6,63222031,17808.0)
,(513259236,2018,6,63222032,28718.0)
,(513259236,2018,6,63222033,28316.0)
,(513259236,2018,6,63222041,6630.0)
,(513259236,2018,6,63222042,24065.0)
,(513259236,2018,6,63222043,8354.0)
,(513259236,2018,6,63222061,981.0)
,(513259236,2018,6,63231000,663.0)
;
INSERT INTO public.ledger (vat_number,"year","month",account_chart,value) VALUES 
(513259236,2018,6,63232000,31362.0)
,(513259236,2018,6,63233000,6345.0)
,(513259236,2018,6,63240000,180871.0)
,(513259236,2018,6,63251110,-19917.0)
,(513259236,2018,6,63251120,8713.0)
,(513259236,2018,6,63251130,1919.0)
,(513259236,2018,6,63251210,49045.0)
,(513259236,2018,6,63251220,572.0)
,(513259236,2018,6,63251230,3177.0)
,(513259236,2018,6,63260320,2275.0)
;
INSERT INTO public.ledger (vat_number,"year","month",account_chart,value) VALUES 
(513259236,2018,6,63260330,1617.0)
,(513259236,2018,6,63269910,29520.0)
,(513259236,2018,6,63269920,23897.0)
,(513259236,2018,6,63269930,11328.0)
,(513259236,2018,6,63410000,20301.0)
,(513259236,2018,6,63421000,1391.0)
,(513259236,2018,6,63521100,76916.0)
,(513259236,2018,6,63521200,66732.0)
,(513259236,2018,6,63521300,98182.0)
,(513259236,2018,6,63522100,10623.0)
;
INSERT INTO public.ledger (vat_number,"year","month",account_chart,value) VALUES 
(513259236,2018,6,63522200,8327.0)
,(513259236,2018,6,63522300,8428.0)
,(513259236,2018,6,63523100,12420.0)
,(513259236,2018,6,63523200,150.0)
,(513259236,2018,6,63523300,754.0)
,(513259236,2018,6,63524100,42.0)
,(513259236,2018,6,63524200,61.0)
,(513259236,2018,6,63524300,41.0)
,(513259236,2018,6,63621000,5779.0)
,(513259236,2018,6,63622000,3775.0)
;
INSERT INTO public.ledger (vat_number,"year","month",account_chart,value) VALUES 
(513259236,2018,6,63623000,6510.0)
,(513259236,2018,6,63720110,15175.0)
,(513259236,2018,6,63720120,23410.0)
,(513259236,2018,6,63720130,23645.0)
,(513259236,2018,6,63720620,3037.0)
,(513259236,2018,6,63720630,2499.0)
,(513259236,2018,6,63720700,851.0)
,(513259236,2018,6,63720800,1191.0)
,(513259236,2018,6,63720920,1691.0)
,(513259236,2018,6,63720930,228.0)
;
INSERT INTO public.ledger (vat_number,"year","month",account_chart,value) VALUES 
(513259236,2018,6,63721120,357.0)
,(513259236,2018,6,63721150,322.0)
,(513259236,2018,6,63801100,1644.0)
,(513259236,2018,6,63802100,2363.0)
,(513259236,2018,6,63803000,4194.0)
,(513259236,2018,6,63804000,4777.0)
,(513259236,2018,6,63807011,5838.0)
,(513259236,2018,6,63807013,0.0)
,(513259236,2018,6,63807031,0.0)
,(513259236,2018,6,63807033,0.0)
;
INSERT INTO public.ledger (vat_number,"year","month",account_chart,value) VALUES 
(513259236,2018,6,63807041,211.0)
,(513259236,2018,6,63807063,0.0)
,(513259236,2018,6,63899000,0.0)
,(513259236,2018,6,64220000,963.0)
,(513259236,2018,6,64230000,27403.0)
,(513259236,2018,6,64240000,1975.0)
,(513259236,2018,6,64250000,907.0)
,(513259236,2018,6,64270000,16087.0)
,(513259236,2018,6,64330000,15702.0)
,(513259236,2018,6,64351000,0.0)
;
INSERT INTO public.ledger (vat_number,"year","month",account_chart,value) VALUES 
(513259236,2018,6,65111000,5943.0)
,(513259236,2018,6,65112000,28930.0)
,(513259236,2018,6,65211000,10187.0)
,(513259236,2018,6,65211200,0.0)
,(513259236,2018,6,65212100,18631.0)
,(513259236,2018,6,67200000,41930.0)
,(513259236,2018,6,68120120,-281.0)
,(513259236,2018,6,68120311,0.0)
,(513259236,2018,6,68120312,159.0)
,(513259236,2018,6,68120320,0.0)
;
INSERT INTO public.ledger (vat_number,"year","month",account_chart,value) VALUES 
(513259236,2018,6,68133000,160.0)
,(513259236,2018,6,68139000,230.0)
,(513259236,2018,6,68220000,8.0)
,(513259236,2018,6,68412000,1823.0)
,(513259236,2018,6,68811000,0.0)
,(513259236,2018,6,68813000,0.0)
,(513259236,2018,6,68814000,0.0)
,(513259236,2018,6,68819000,0.0)
,(513259236,2018,6,68821900,5000.0)
,(513259236,2018,6,68870140,73262.0)
;
INSERT INTO public.ledger (vat_number,"year","month",account_chart,value) VALUES 
(513259236,2018,6,68870300,1658.0)
,(513259236,2018,6,68870400,640094.0)
,(513259236,2018,6,68870500,11295.0)
,(513259236,2018,6,68870712,7765.0)
,(513259236,2018,6,68871000,9997.0)
,(513259236,2018,6,68880200,0.0)
,(513259236,2018,6,68880610,338.0)
,(513259236,2018,6,68880629,3120.0)
,(513259236,2018,6,68880631,0.0)
,(513259236,2018,6,68880633,1376.0)
;
INSERT INTO public.ledger (vat_number,"year","month",account_chart,value) VALUES 
(513259236,2018,6,69110150,320.0)
,(513259236,2018,6,69110600,55116.0)
,(513259236,2018,6,69110700,24368.0)
,(513259236,2018,6,69110701,36246.0)
,(513259236,2018,6,69110901,8754.0)
,(513259236,2018,6,69131000,0.0)
,(513259236,2018,6,69180100,509.0)
,(513259236,2018,6,69180200,0.0)
,(513259236,2018,6,69180300,0.0)
,(513259236,2018,6,69180500,0.0)
;
INSERT INTO public.ledger (vat_number,"year","month",account_chart,value) VALUES 
(513259236,2018,6,69231000,534.0)
,(513259236,2018,6,69814000,5539.0)
,(513259236,2018,6,69815000,13879.0)
,(513259236,2018,6,69818000,200.0)
,(513259236,2018,6,69819000,36584.0)
,(513259236,2018,6,69820200,640.0)
,(513259236,2018,6,69820500,1838.0)
,(513259236,2018,6,69820600,0.0)
,(513259236,2018,6,69820700,721.0)
,(513259236,2018,6,69820800,41.0)
;
INSERT INTO public.ledger (vat_number,"year","month",account_chart,value) VALUES 
(513259236,2018,6,69820900,0.0)
,(513259236,2018,6,69821000,872.0)
,(513259236,2018,6,69822001,15337.0)
,(513259236,2018,6,69829900,735.0)
,(513259236,2018,6,71101110,-1996229.0)
,(513259236,2018,6,71101120,-2.2656666E7)
,(513259236,2018,6,71101210,-186000.0)
,(513259236,2018,6,71101220,-4050140.0)
,(513259236,2018,6,71105211,-4114449.0)
,(513259236,2018,6,71108110,-760273.0)
;
INSERT INTO public.ledger (vat_number,"year","month",account_chart,value) VALUES 
(513259236,2018,6,71710113,1114043.0)
,(513259236,2018,6,71710123,84500.0)
,(513259236,2018,6,71710521,268558.0)
,(513259236,2018,6,71810111,75908.0)
,(513259236,2018,6,71810119,42715.0)
,(513259236,2018,6,71810527,45564.0)
,(513259236,2018,6,72011120,-1142017.0)
,(513259236,2018,6,72050000,-1626580.0)
,(513259236,2018,6,72501300,-37385.0)
,(513259236,2018,6,72507300,0.0)
;
INSERT INTO public.ledger (vat_number,"year","month",account_chart,value) VALUES 
(513259236,2018,6,72509011,0.0)
,(513259236,2018,6,72509012,0.0)
,(513259236,2018,6,72701112,83627.0)
,(513259236,2018,6,72805000,1890.0)
,(513259236,2018,6,73310000,-45508.0)
,(513259236,2018,6,73320000,-40923.0)
,(513259236,2018,6,74510000,-877423.0)
,(513259236,2018,6,76211100,-2537.0)
,(513259236,2018,6,76211200,-13951.0)
,(513259236,2018,6,76221100,-10187.0)
;
INSERT INTO public.ledger (vat_number,"year","month",account_chart,value) VALUES 
(513259236,2018,6,76221120,0.0)
,(513259236,2018,6,76221210,-61048.0)
,(513259236,2018,6,78160202,0.0)
,(513259236,2018,6,78160203,-149719.0)
,(513259236,2018,6,78160300,0.0)
,(513259236,2018,6,78220000,684.0)
,(513259236,2018,6,78613100,-3626.0)
,(513259236,2018,6,78613200,0.0)
,(513259236,2018,6,78811000,0.0)
,(513259236,2018,6,78813000,-1562.0)
;
INSERT INTO public.ledger (vat_number,"year","month",account_chart,value) VALUES 
(513259236,2018,6,78819000,0.0)
,(513259236,2018,6,78820000,0.0)
,(513259236,2018,6,78860210,0.0)
,(513259236,2018,6,78860391,-57.0)
,(513259236,2018,6,78860430,-9040.0)
,(513259236,2018,6,78860505,-19872.0)
,(513259236,2018,6,78860508,-23597.0)
,(513259236,2018,6,78860511,0.0)
,(513259236,2018,6,78860599,-1120.0)
,(513259236,2018,6,78880200,-8269.0)
;
INSERT INTO public.ledger (vat_number,"year","month",account_chart,value) VALUES 
(513259236,2018,6,78880300,-88.0)
,(513259236,2018,6,78880303,0.0)
,(513259236,2018,6,78880500,0.0)
,(513259236,2018,6,78889900,0.0)
,(513259236,2018,6,79110000,-538.0)
,(513259236,2018,6,79130000,-68376.0)
,(513259236,2018,6,79180100,-188.0)
,(513259236,2018,6,81121000,0.0)
,(513259236,2018,6,81122000,0.0)
,(513259236,2018,6,81800000,0.0)
;
INSERT INTO public.ledger (vat_number,"year","month",account_chart,value) VALUES 
(505455668,2019,6,11100000,0.0)
,(505455668,2019,6,11210500,3000.0)
,(505455668,2019,6,11212500,5000.0)
,(505455668,2019,6,11220300,1000.0)
,(505455668,2019,6,11220400,500.0)
,(505455668,2019,6,11221000,5556.0)
,(505455668,2019,6,11230100,0.0)
,(505455668,2019,6,11230400,2500.0)
,(505455668,2019,6,12010101,122235.0)
,(505455668,2019,6,12010102,-42.0)
;
INSERT INTO public.ledger (vat_number,"year","month",account_chart,value) VALUES 
(505455668,2019,6,12010501,0.0)
,(505455668,2019,6,12010502,0.0)
,(505455668,2019,6,12010601,0.0)
,(505455668,2019,6,12010602,0.0)
,(505455668,2019,6,12012501,0.0)
,(505455668,2019,6,12020601,0.0)
,(505455668,2019,6,12030101,58853.0)
,(505455668,2019,6,12030102,0.0)
,(505455668,2019,6,12030401,0.0)
,(505455668,2019,6,12040101,24854.0)
;
INSERT INTO public.ledger (vat_number,"year","month",account_chart,value) VALUES 
(505455668,2019,6,12040102,0.0)
,(505455668,2019,6,12041101,0.0)
,(505455668,2019,6,12050101,0.0)
,(505455668,2019,6,12050501,2070.0)
,(505455668,2019,6,12050502,0.0)
,(505455668,2019,6,12050701,15719.0)
,(505455668,2019,6,12050702,0.0)
,(505455668,2019,6,12120101,12446.0)
,(505455668,2019,6,12120102,0.0)
,(505455668,2019,6,16100000,427753.0)
;
INSERT INTO public.ledger (vat_number,"year","month",account_chart,value) VALUES 
(505455668,2019,6,17111000,-9778.0)
,(505455668,2019,6,17121000,-130131.0)
,(505455668,2019,6,17211000,83430.0)
,(505455668,2019,6,17221000,-85601.0)
,(505455668,2019,6,17410000,0.0)
,(505455668,2019,6,17510000,0.0)
,(505455668,2019,6,17990000,0.0)
,(505455668,2019,6,21110100,1583795.0)
,(505455668,2019,6,21110200,7796.0)
,(505455668,2019,6,21110300,5904.0)
;
INSERT INTO public.ledger (vat_number,"year","month",account_chart,value) VALUES 
(505455668,2019,6,21110400,5230.0)
,(505455668,2019,6,21110500,7643.0)
,(505455668,2019,6,21120000,23848.0)
,(505455668,2019,6,21160000,21379.0)
,(505455668,2019,6,21170000,16945.0)
,(505455668,2019,6,21310000,0.0)
,(505455668,2019,6,21500000,5296802.0)
,(505455668,2019,6,21700000,77875.0)
,(505455668,2019,6,21800000,-391789.0)
,(505455668,2019,6,21910000,-77291.0)
;
INSERT INTO public.ledger (vat_number,"year","month",account_chart,value) VALUES 
(505455668,2019,6,21920000,-14571.0)
,(505455668,2019,6,22110100,-6683503.0)
,(505455668,2019,6,22110300,67.0)
,(505455668,2019,6,22110400,0.0)
,(505455668,2019,6,22110500,-24227.0)
,(505455668,2019,6,22110600,-15.0)
,(505455668,2019,6,22120000,-216869.0)
,(505455668,2019,6,22160000,-38503.0)
,(505455668,2019,6,22190000,-9.0)
,(505455668,2019,6,22530000,-1263190.0)
;
INSERT INTO public.ledger (vat_number,"year","month",account_chart,value) VALUES 
(505455668,2019,6,22540000,0.0)
,(505455668,2019,6,22800000,123236.0)
,(505455668,2019,6,23120000,-492.0)
,(505455668,2019,6,23220000,0.0)
,(505455668,2019,6,23300000,130.0)
,(505455668,2019,6,23812000,0.0)
,(505455668,2019,6,24121000,135.0)
,(505455668,2019,6,24150000,0.0)
,(505455668,2019,6,24210000,-64546.0)
,(505455668,2019,6,24220000,-4.0)
;
INSERT INTO public.ledger (vat_number,"year","month",account_chart,value) VALUES 
(505455668,2019,6,24250000,-12.0)
,(505455668,2019,6,24321000,0.0)
,(505455668,2019,6,24322000,0.0)
,(505455668,2019,6,24323000,0.0)
,(505455668,2019,6,24331000,0.0)
,(505455668,2019,6,24332000,0.0)
,(505455668,2019,6,24333000,0.0)
,(505455668,2019,6,24334000,0.0)
,(505455668,2019,6,24341000,0.0)
,(505455668,2019,6,24342000,0.0)
;
INSERT INTO public.ledger (vat_number,"year","month",account_chart,value) VALUES 
(505455668,2019,6,24350000,0.0)
,(505455668,2019,6,24361000,-638084.0)
,(505455668,2019,6,24370000,0.0)
,(505455668,2019,6,24412000,0.0)
,(505455668,2019,6,24500000,-135343.0)
,(505455668,2019,6,24520000,684.0)
,(505455668,2019,6,25111304,-1723011.0)
,(505455668,2019,6,25312000,-4479400.0)
,(505455668,2019,6,27110000,-235496.0)
,(505455668,2019,6,27210100,0.0)
;
INSERT INTO public.ledger (vat_number,"year","month",account_chart,value) VALUES 
(505455668,2019,6,27210200,178177.0)
,(505455668,2019,6,27210410,215712.0)
,(505455668,2019,6,27210420,613329.0)
,(505455668,2019,6,27210700,38182.0)
,(505455668,2019,6,27211000,0.0)
,(505455668,2019,6,27211200,2584.0)
,(505455668,2019,6,27219800,1961.0)
,(505455668,2019,6,27219900,0.0)
,(505455668,2019,6,27221112,-115683.0)
,(505455668,2019,6,27221113,-154179.0)
;
INSERT INTO public.ledger (vat_number,"year","month",account_chart,value) VALUES 
(505455668,2019,6,27221114,-191854.0)
,(505455668,2019,6,27221116,-28914.0)
,(505455668,2019,6,27221117,-36617.0)
,(505455668,2019,6,27221118,-45183.0)
,(505455668,2019,6,27221122,27383.0)
,(505455668,2019,6,27221123,32987.0)
,(505455668,2019,6,27221124,33090.0)
,(505455668,2019,6,27221126,7229.0)
,(505455668,2019,6,27221127,8369.0)
,(505455668,2019,6,27221128,8701.0)
;
INSERT INTO public.ledger (vat_number,"year","month",account_chart,value) VALUES 
(505455668,2019,6,27221200,-68104.0)
,(505455668,2019,6,27221311,-159501.0)
,(505455668,2019,6,27221400,-329697.0)
,(505455668,2019,6,27221500,13384.0)
,(505455668,2019,6,27221601,0.0)
,(505455668,2019,6,27221604,-453.0)
,(505455668,2019,6,27222050,-1747.0)
,(505455668,2019,6,27222060,0.0)
,(505455668,2019,6,27223010,-23408.0)
,(505455668,2019,6,27223040,-1915.0)
;
INSERT INTO public.ledger (vat_number,"year","month",account_chart,value) VALUES 
(505455668,2019,6,27223050,0.0)
,(505455668,2019,6,27223120,-6500.0)
,(505455668,2019,6,27223150,0.0)
,(505455668,2019,6,27223190,-14185.0)
,(505455668,2019,6,27223200,-4188.0)
,(505455668,2019,6,27225000,-126070.0)
,(505455668,2019,6,27226013,-37825.0)
,(505455668,2019,6,27226014,0.0)
,(505455668,2019,6,27229800,-8410.0)
,(505455668,2019,6,27229900,-14372.0)
;
INSERT INTO public.ledger (vat_number,"year","month",account_chart,value) VALUES 
(505455668,2019,6,27230000,-121582.0)
,(505455668,2019,6,27411000,104417.0)
,(505455668,2019,6,27810201,0.0)
,(505455668,2019,6,27810300,571218.0)
,(505455668,2019,6,27810502,1758.0)
,(505455668,2019,6,27810503,0.0)
,(505455668,2019,6,27810700,2497.0)
,(505455668,2019,6,27819900,29914.0)
,(505455668,2019,6,27820300,-168.0)
,(505455668,2019,6,27820400,0.0)
;
INSERT INTO public.ledger (vat_number,"year","month",account_chart,value) VALUES 
(505455668,2019,6,27820701,-1251.0)
,(505455668,2019,6,27829000,-8.0)
,(505455668,2019,6,27829900,-23310.0)
,(505455668,2019,6,27890100,-37757.0)
,(505455668,2019,6,28101100,56046.0)
,(505455668,2019,6,28101200,-34023.0)
,(505455668,2019,6,28102000,35515.0)
,(505455668,2019,6,28103000,23014.0)
,(505455668,2019,6,28106000,0.0)
,(505455668,2019,6,28110000,0.0)
;
INSERT INTO public.ledger (vat_number,"year","month",account_chart,value) VALUES 
(505455668,2019,6,28111000,528.0)
,(505455668,2019,6,28112000,10700.0)
,(505455668,2019,6,28117000,27304.0)
,(505455668,2019,6,28198000,0.0)
,(505455668,2019,6,28202000,-718394.0)
,(505455668,2019,6,28207000,-20662.0)
,(505455668,2019,6,31102110,3.6164444E7)
,(505455668,2019,6,31102210,4400611.0)
,(505455668,2019,6,31105100,4708557.0)
,(505455668,2019,6,31810224,-21500.0)
;
INSERT INTO public.ledger (vat_number,"year","month",account_chart,value) VALUES 
(505455668,2019,6,31910000,-4.527374E7)
,(505455668,2019,6,31920000,21629.0)
,(505455668,2019,6,32021100,0.0)
,(505455668,2019,6,32021200,1.0983844E7)
,(505455668,2019,6,32021300,633312.0)
,(505455668,2019,6,32022200,1259729.0)
,(505455668,2019,6,32022300,31759.0)
,(505455668,2019,6,32050100,1076501.0)
,(505455668,2019,6,32500000,621.0)
,(505455668,2019,6,32502000,0.0)
;
INSERT INTO public.ledger (vat_number,"year","month",account_chart,value) VALUES 
(505455668,2019,6,32902100,-220045.0)
,(505455668,2019,6,32902200,-45578.0)
,(505455668,2019,6,32905000,-440258.0)
,(505455668,2019,6,36100000,238525.0)
,(505455668,2019,6,41410197,24167.0)
,(505455668,2019,6,43200000,2219525.0)
,(505455668,2019,6,43300000,2061148.0)
,(505455668,2019,6,43400000,193184.0)
,(505455668,2019,6,43500000,873611.0)
,(505455668,2019,6,43700000,455822.0)
;
INSERT INTO public.ledger (vat_number,"year","month",account_chart,value) VALUES 
(505455668,2019,6,43820000,-676669.0)
,(505455668,2019,6,43830000,-1738373.0)
,(505455668,2019,6,43840000,-193184.0)
,(505455668,2019,6,43850000,-491077.0)
,(505455668,2019,6,43870000,-342466.0)
,(505455668,2019,6,44300000,25749.0)
,(505455668,2019,6,44830000,-25749.0)
,(505455668,2019,6,45300000,309421.0)
,(505455668,2019,6,45400000,15300.0)
,(505455668,2019,6,51000000,-5400000.0)
;
INSERT INTO public.ledger (vat_number,"year","month",account_chart,value) VALUES 
(505455668,2019,6,53100000,-4100000.0)
,(505455668,2019,6,55100000,-52305.0)
,(505455668,2019,6,55221500,-414366.0)
,(505455668,2019,6,55224000,240814.0)
,(505455668,2019,6,55229000,-2149223.0)
,(505455668,2019,6,56100000,3912322.0)
,(505455668,2019,6,56200000,15000.0)
,(505455668,2019,6,56300000,1046012.0)
,(505455668,2019,6,56400000,-68511.0)
,(505455668,2019,6,61102110,56987.0)
;
INSERT INTO public.ledger (vat_number,"year","month",account_chart,value) VALUES 
(505455668,2019,6,61102120,3.0868824E7)
,(505455668,2019,6,61102140,-563581.0)
,(505455668,2019,6,61102160,-20437.0)
,(505455668,2019,6,61102190,33509.0)
,(505455668,2019,6,61102210,3989.0)
,(505455668,2019,6,61102220,4152271.0)
,(505455668,2019,6,61102240,-600.0)
,(505455668,2019,6,61102250,-11961.0)
,(505455668,2019,6,61102290,1505.0)
,(505455668,2019,6,61105100,4375465.0)
;
INSERT INTO public.ledger (vat_number,"year","month",account_chart,value) VALUES 
(505455668,2019,6,61105210,748.0)
,(505455668,2019,6,61105293,-315375.0)
,(505455668,2019,6,61105294,2979.0)
,(505455668,2019,6,62101100,184405.0)
,(505455668,2019,6,62101200,59381.0)
,(505455668,2019,6,62210200,2250.0)
,(505455668,2019,6,62210300,5901.0)
,(505455668,2019,6,62210400,13014.0)
,(505455668,2019,6,62210500,0.0)
,(505455668,2019,6,62210600,3231.0)
;
INSERT INTO public.ledger (vat_number,"year","month",account_chart,value) VALUES 
(505455668,2019,6,62210800,86.0)
,(505455668,2019,6,62210900,29188.0)
,(505455668,2019,6,62211100,3565.0)
,(505455668,2019,6,62211400,18040.0)
,(505455668,2019,6,62211800,551.0)
,(505455668,2019,6,62212000,722.0)
,(505455668,2019,6,62212100,5200.0)
,(505455668,2019,6,62212210,61015.0)
,(505455668,2019,6,62212220,63585.0)
,(505455668,2019,6,62212240,54965.0)
;
INSERT INTO public.ledger (vat_number,"year","month",account_chart,value) VALUES 
(505455668,2019,6,62212250,4323.0)
,(505455668,2019,6,62212300,17853.0)
,(505455668,2019,6,62212311,227768.0)
,(505455668,2019,6,62212312,0.0)
,(505455668,2019,6,62212400,60000.0)
,(505455668,2019,6,62212600,3433.0)
,(505455668,2019,6,62213000,1062.0)
,(505455668,2019,6,62213201,779.0)
,(505455668,2019,6,62213400,80.0)
,(505455668,2019,6,62213600,14544.0)
;
INSERT INTO public.ledger (vat_number,"year","month",account_chart,value) VALUES 
(505455668,2019,6,62220100,40248.0)
,(505455668,2019,6,62220200,8022.0)
,(505455668,2019,6,62220500,10219.0)
,(505455668,2019,6,62220600,1819.0)
,(505455668,2019,6,62220700,525.0)
,(505455668,2019,6,62230100,24514.0)
,(505455668,2019,6,62239900,86.0)
,(505455668,2019,6,62240400,513.0)
,(505455668,2019,6,62240900,0.0)
,(505455668,2019,6,62250100,2104.0)
;
INSERT INTO public.ledger (vat_number,"year","month",account_chart,value) VALUES 
(505455668,2019,6,62250300,7068.0)
,(505455668,2019,6,62260100,15635.0)
,(505455668,2019,6,62260200,24332.0)
,(505455668,2019,6,62260300,2642.0)
,(505455668,2019,6,62260411,1250.0)
,(505455668,2019,6,62260413,18.0)
,(505455668,2019,6,62260414,1953.0)
,(505455668,2019,6,62310000,19791.0)
,(505455668,2019,6,62320200,1595.0)
,(505455668,2019,6,62320300,153.0)
;
INSERT INTO public.ledger (vat_number,"year","month",account_chart,value) VALUES 
(505455668,2019,6,62330000,6119.0)
,(505455668,2019,6,62340400,10811.0)
,(505455668,2019,6,62340500,439.0)
,(505455668,2019,6,62349900,1931.0)
,(505455668,2019,6,62350000,79.0)
,(505455668,2019,6,62380100,16967.0)
,(505455668,2019,6,62410100,40987.0)
,(505455668,2019,6,62421111,3911.0)
,(505455668,2019,6,62421112,7744.0)
,(505455668,2019,6,62421200,13300.0)
;
INSERT INTO public.ledger (vat_number,"year","month",account_chart,value) VALUES 
(505455668,2019,6,62422111,11188.0)
,(505455668,2019,6,62422112,34360.0)
,(505455668,2019,6,62422121,1150.0)
,(505455668,2019,6,62422200,19931.0)
,(505455668,2019,6,62422400,8020.0)
,(505455668,2019,6,62430000,3922.0)
,(505455668,2019,6,62480200,1646.0)
,(505455668,2019,6,62480300,899.0)
,(505455668,2019,6,62480400,1445.0)
,(505455668,2019,6,62512100,33841.0)
;
INSERT INTO public.ledger (vat_number,"year","month",account_chart,value) VALUES 
(505455668,2019,6,62512201,14891.0)
,(505455668,2019,6,62512202,525.0)
,(505455668,2019,6,62512203,117.0)
,(505455668,2019,6,62520000,80.0)
,(505455668,2019,6,62532100,21685.0)
,(505455668,2019,6,62532300,7926.0)
,(505455668,2019,6,62610210,518897.0)
,(505455668,2019,6,62610220,121597.0)
,(505455668,2019,6,62610300,8430.0)
,(505455668,2019,6,62610400,666.0)
;
INSERT INTO public.ledger (vat_number,"year","month",account_chart,value) VALUES 
(505455668,2019,6,62610500,492.0)
,(505455668,2019,6,62610643,218.0)
,(505455668,2019,6,62610644,8426.0)
,(505455668,2019,6,62620100,3556.0)
,(505455668,2019,6,62620200,1886.0)
,(505455668,2019,6,62620300,7818.0)
,(505455668,2019,6,62620400,4018.0)
,(505455668,2019,6,62630111,51269.0)
,(505455668,2019,6,62630121,947.0)
,(505455668,2019,6,62630130,5337.0)
;
INSERT INTO public.ledger (vat_number,"year","month",account_chart,value) VALUES 
(505455668,2019,6,62630150,905.0)
,(505455668,2019,6,62630160,51337.0)
,(505455668,2019,6,62630191,96.0)
,(505455668,2019,6,62630500,16405.0)
,(505455668,2019,6,62630600,1874.0)
,(505455668,2019,6,62630701,3660.0)
,(505455668,2019,6,62630799,7263.0)
,(505455668,2019,6,62650100,881.0)
,(505455668,2019,6,62650200,326.0)
,(505455668,2019,6,62660200,594.0)
;
INSERT INTO public.ledger (vat_number,"year","month",account_chart,value) VALUES 
(505455668,2019,6,62670100,35006.0)
,(505455668,2019,6,62670200,7502.0)
,(505455668,2019,6,62680301,12179.0)
,(505455668,2019,6,62680501,0.0)
,(505455668,2019,6,62680503,60565.0)
,(505455668,2019,6,62680504,12537.0)
,(505455668,2019,6,62680600,38.0)
,(505455668,2019,6,62689800,0.0)
,(505455668,2019,6,62689900,486.0)
,(505455668,2019,6,63211100,358084.0)
;
INSERT INTO public.ledger (vat_number,"year","month",account_chart,value) VALUES 
(505455668,2019,6,63211200,416694.0)
,(505455668,2019,6,63211300,451006.0)
,(505455668,2019,6,63221111,1555.0)
,(505455668,2019,6,63221112,473.0)
,(505455668,2019,6,63221113,20143.0)
,(505455668,2019,6,63221121,28499.0)
,(505455668,2019,6,63221122,37142.0)
,(505455668,2019,6,63221123,37957.0)
,(505455668,2019,6,63221211,1446.0)
,(505455668,2019,6,63221212,-1191.0)
;
INSERT INTO public.ledger (vat_number,"year","month",account_chart,value) VALUES 
(505455668,2019,6,63221213,38640.0)
,(505455668,2019,6,63221221,28499.0)
,(505455668,2019,6,63221222,37142.0)
,(505455668,2019,6,63221223,37957.0)
,(505455668,2019,6,63222031,9340.0)
,(505455668,2019,6,63222032,20487.0)
,(505455668,2019,6,63222033,39830.0)
,(505455668,2019,6,63222041,217.0)
,(505455668,2019,6,63222042,1741.0)
,(505455668,2019,6,63222043,866.0)
;
INSERT INTO public.ledger (vat_number,"year","month",account_chart,value) VALUES 
(505455668,2019,6,63222061,1821.0)
,(505455668,2019,6,63231000,3356.0)
,(505455668,2019,6,63232000,13085.0)
,(505455668,2019,6,63233000,16553.0)
,(505455668,2019,6,63240000,277321.0)
,(505455668,2019,6,63251110,40040.0)
,(505455668,2019,6,63251120,47263.0)
,(505455668,2019,6,63251130,81824.0)
,(505455668,2019,6,63251210,48428.0)
,(505455668,2019,6,63251220,3050.0)
;
INSERT INTO public.ledger (vat_number,"year","month",account_chart,value) VALUES 
(505455668,2019,6,63251230,14292.0)
,(505455668,2019,6,63252100,165.0)
,(505455668,2019,6,63252200,2308.0)
,(505455668,2019,6,63252300,1065.0)
,(505455668,2019,6,63260210,3647.0)
,(505455668,2019,6,63260220,5706.0)
,(505455668,2019,6,63260230,5967.0)
,(505455668,2019,6,63269910,4945.0)
,(505455668,2019,6,63269920,611.0)
,(505455668,2019,6,63269930,4165.0)
;
INSERT INTO public.ledger (vat_number,"year","month",account_chart,value) VALUES 
(505455668,2019,6,63410000,3479.0)
,(505455668,2019,6,63521100,98097.0)
,(505455668,2019,6,63521200,115657.0)
,(505455668,2019,6,63521300,209936.0)
,(505455668,2019,6,63522100,13199.0)
,(505455668,2019,6,63522200,17107.0)
,(505455668,2019,6,63522300,23611.0)
,(505455668,2019,6,63523100,11502.0)
,(505455668,2019,6,63523200,724.0)
,(505455668,2019,6,63523300,3105.0)
;
INSERT INTO public.ledger (vat_number,"year","month",account_chart,value) VALUES 
(505455668,2019,6,63524100,83.0)
,(505455668,2019,6,63524200,117.0)
,(505455668,2019,6,63524300,141.0)
,(505455668,2019,6,63621000,6748.0)
,(505455668,2019,6,63622000,6501.0)
,(505455668,2019,6,63623000,12132.0)
,(505455668,2019,6,63720110,3444.0)
,(505455668,2019,6,63720120,2642.0)
,(505455668,2019,6,63720130,3607.0)
,(505455668,2019,6,63720210,-2454.0)
;
INSERT INTO public.ledger (vat_number,"year","month",account_chart,value) VALUES 
(505455668,2019,6,63720220,-1764.0)
,(505455668,2019,6,63720230,-3589.0)
,(505455668,2019,6,63720610,1411.0)
,(505455668,2019,6,63720620,582.0)
,(505455668,2019,6,63720630,1864.0)
,(505455668,2019,6,63720700,41291.0)
,(505455668,2019,6,63720800,3663.0)
,(505455668,2019,6,63720920,8191.0)
,(505455668,2019,6,63801100,18050.0)
,(505455668,2019,6,63802100,55697.0)
;
INSERT INTO public.ledger (vat_number,"year","month",account_chart,value) VALUES 
(505455668,2019,6,63802200,0.0)
,(505455668,2019,6,63803000,5801.0)
,(505455668,2019,6,63804000,3867.0)
,(505455668,2019,6,63807011,20248.0)
,(505455668,2019,6,63807051,143.0)
,(505455668,2019,6,63807052,99.0)
,(505455668,2019,6,63807053,211.0)
,(505455668,2019,6,64220000,94452.0)
,(505455668,2019,6,64230000,44914.0)
,(505455668,2019,6,64250000,34546.0)
;
INSERT INTO public.ledger (vat_number,"year","month",account_chart,value) VALUES 
(505455668,2019,6,64270000,11787.0)
,(505455668,2019,6,65111000,584.0)
,(505455668,2019,6,65112000,8563.0)
,(505455668,2019,6,65211100,106018.0)
,(505455668,2019,6,65211200,43734.0)
,(505455668,2019,6,65212100,15411.0)
,(505455668,2019,6,68120111,3695.0)
,(505455668,2019,6,68120113,6297.0)
,(505455668,2019,6,68120114,6587.0)
,(505455668,2019,6,68120120,32.0)
;
INSERT INTO public.ledger (vat_number,"year","month",account_chart,value) VALUES 
(505455668,2019,6,68120121,198.0)
,(505455668,2019,6,68120311,11043.0)
,(505455668,2019,6,68120312,97.0)
,(505455668,2019,6,68139000,204.0)
,(505455668,2019,6,68220000,123.0)
,(505455668,2019,6,68420000,17312.0)
,(505455668,2019,6,68811000,0.0)
,(505455668,2019,6,68812000,160.0)
,(505455668,2019,6,68819000,0.0)
,(505455668,2019,6,68821210,3329.0)
;
INSERT INTO public.ledger (vat_number,"year","month",account_chart,value) VALUES 
(505455668,2019,6,68821220,4955.0)
,(505455668,2019,6,68821230,3665.0)
,(505455668,2019,6,68841000,756.0)
,(505455668,2019,6,68842000,1568.0)
,(505455668,2019,6,68843000,68.0)
,(505455668,2019,6,68849000,74025.0)
,(505455668,2019,6,68870110,62791.0)
,(505455668,2019,6,68870140,10964.0)
,(505455668,2019,6,68870160,9762.0)
,(505455668,2019,6,68870711,6959.0)
;
INSERT INTO public.ledger (vat_number,"year","month",account_chart,value) VALUES 
(505455668,2019,6,68870713,2908.0)
,(505455668,2019,6,68870715,6212.0)
,(505455668,2019,6,68870716,27576.0)
,(505455668,2019,6,68870718,1370.0)
,(505455668,2019,6,68870820,2703.0)
,(505455668,2019,6,68870900,13515.0)
,(505455668,2019,6,68871000,14626.0)
,(505455668,2019,6,68871200,23533.0)
,(505455668,2019,6,68871300,0.0)
,(505455668,2019,6,68880610,206.0)
;
INSERT INTO public.ledger (vat_number,"year","month",account_chart,value) VALUES 
(505455668,2019,6,68889900,0.0)
,(505455668,2019,6,69110150,11.0)
,(505455668,2019,6,69110600,12989.0)
,(505455668,2019,6,69110701,4849.0)
,(505455668,2019,6,69110801,85421.0)
,(505455668,2019,6,69110901,0.0)
,(505455668,2019,6,69180100,274.0)
,(505455668,2019,6,69180300,15.0)
,(505455668,2019,6,69231000,158.0)
,(505455668,2019,6,69232000,15.0)
;
INSERT INTO public.ledger (vat_number,"year","month",account_chart,value) VALUES 
(505455668,2019,6,69815000,9236.0)
,(505455668,2019,6,69818000,120.0)
,(505455668,2019,6,69819000,8644.0)
,(505455668,2019,6,69820200,28521.0)
,(505455668,2019,6,69820500,19331.0)
,(505455668,2019,6,69820700,1905.0)
,(505455668,2019,6,69820800,73.0)
,(505455668,2019,6,69821000,3601.0)
,(505455668,2019,6,69822001,1293.0)
,(505455668,2019,6,69829900,781.0)
;
INSERT INTO public.ledger (vat_number,"year","month",account_chart,value) VALUES 
(505455668,2019,6,69880000,0.0)
,(505455668,2019,6,71102110,-68174.0)
,(505455668,2019,6,71102120,-3.2585198E7)
,(505455668,2019,6,71102190,-2755.0)
,(505455668,2019,6,71102210,-1422.0)
,(505455668,2019,6,71102220,-4312364.0)
,(505455668,2019,6,71105110,-5043376.0)
,(505455668,2019,6,71105120,-127454.0)
,(505455668,2019,6,71105130,-949408.0)
,(505455668,2019,6,71710511,229124.0)
;
INSERT INTO public.ledger (vat_number,"year","month",account_chart,value) VALUES 
(505455668,2019,6,71710512,57754.0)
,(505455668,2019,6,71810212,80873.0)
,(505455668,2019,6,71810213,14883.0)
,(505455668,2019,6,71810511,20.0)
,(505455668,2019,6,71810527,23827.0)
,(505455668,2019,6,72011110,-1287878.0)
,(505455668,2019,6,72011210,-152688.0)
,(505455668,2019,6,72011310,-4461.0)
,(505455668,2019,6,72011410,-59931.0)
,(505455668,2019,6,72012110,-217868.0)
;
INSERT INTO public.ledger (vat_number,"year","month",account_chart,value) VALUES 
(505455668,2019,6,72012210,-21577.0)
,(505455668,2019,6,72501100,-390.0)
,(505455668,2019,6,72501300,-2386.0)
,(505455668,2019,6,72502100,0.0)
,(505455668,2019,6,72503300,-5906.0)
,(505455668,2019,6,72701111,51685.0)
,(505455668,2019,6,72701121,7324.0)
,(505455668,2019,6,72701131,45171.0)
,(505455668,2019,6,72701141,4485.0)
,(505455668,2019,6,72801190,11760.0)
;
INSERT INTO public.ledger (vat_number,"year","month",account_chart,value) VALUES 
(505455668,2019,6,73310000,-15096.0)
,(505455668,2019,6,73320000,-58429.0)
,(505455668,2019,6,74510000,-190174.0)
,(505455668,2019,6,74520000,-32847.0)
,(505455668,2019,6,74540000,-72299.0)
,(505455668,2019,6,74550000,-23987.0)
,(505455668,2019,6,76211100,-3273.0)
,(505455668,2019,6,76211200,-5021.0)
,(505455668,2019,6,76221110,-37350.0)
,(505455668,2019,6,76221120,-30293.0)
;
INSERT INTO public.ledger (vat_number,"year","month",account_chart,value) VALUES 
(505455668,2019,6,76221210,-11887.0)
,(505455668,2019,6,78110000,-1991.0)
,(505455668,2019,6,78160300,-15417.0)
,(505455668,2019,6,78220000,-2515.0)
,(505455668,2019,6,78300000,-3.0)
,(505455668,2019,6,78420000,-21137.0)
,(505455668,2019,6,78613100,-10.0)
,(505455668,2019,6,78613200,0.0)
,(505455668,2019,6,78712100,-1750.0)
,(505455668,2019,6,78782000,0.0)
;
INSERT INTO public.ledger (vat_number,"year","month",account_chart,value) VALUES 
(505455668,2019,6,78811000,0.0)
,(505455668,2019,6,78819000,-7747.0)
,(505455668,2019,6,78860120,-5945.0)
,(505455668,2019,6,78860210,-510376.0)
,(505455668,2019,6,78860220,259842.0)
,(505455668,2019,6,78860391,-5002.0)
,(505455668,2019,6,78860513,-187.0)
,(505455668,2019,6,78860515,-21164.0)
,(505455668,2019,6,78860599,-32873.0)
,(505455668,2019,6,78880200,-7395.0)
;
INSERT INTO public.ledger (vat_number,"year","month",account_chart,value) VALUES 
(505455668,2019,6,78880303,-2172.0)
,(505455668,2019,6,78880400,-460.0)
,(505455668,2019,6,78889900,0.0)
,(505455668,2019,6,79110000,-219.0)
,(505455668,2019,6,79130000,-213.0)
,(505455668,2019,6,81100000,0.0)
,(505455668,2019,6,81121000,0.0)
,(505455668,2019,6,81122000,0.0)
,(505455668,2019,6,81220000,0.0)
,(505455668,2019,6,81800000,0.0)
;
INSERT INTO public.ledger (vat_number,"year","month",account_chart,value) VALUES 
(505455668,2018,6,11100000,0.0)
,(505455668,2018,6,11210500,3000.0)
,(505455668,2018,6,11212500,5000.0)
,(505455668,2018,6,11220300,1000.0)
,(505455668,2018,6,11220400,500.0)
,(505455668,2018,6,11221000,5536.0)
,(505455668,2018,6,11230100,0.0)
,(505455668,2018,6,11230400,2500.0)
,(505455668,2018,6,12010101,458050.0)
,(505455668,2018,6,12010102,-2934.0)
;
INSERT INTO public.ledger (vat_number,"year","month",account_chart,value) VALUES 
(505455668,2018,6,12010501,0.0)
,(505455668,2018,6,12010502,0.0)
,(505455668,2018,6,12010601,0.0)
,(505455668,2018,6,12010602,0.0)
,(505455668,2018,6,12012501,0.0)
,(505455668,2018,6,12020601,0.0)
,(505455668,2018,6,12030101,29361.0)
,(505455668,2018,6,12030102,0.0)
,(505455668,2018,6,12030401,0.0)
,(505455668,2018,6,12040101,10302.0)
;
INSERT INTO public.ledger (vat_number,"year","month",account_chart,value) VALUES 
(505455668,2018,6,12040102,0.0)
,(505455668,2018,6,12041101,0.0)
,(505455668,2018,6,12050101,0.0)
,(505455668,2018,6,12050501,2978.0)
,(505455668,2018,6,12050502,0.0)
,(505455668,2018,6,12050701,6583.0)
,(505455668,2018,6,12050702,0.0)
,(505455668,2018,6,12120101,14275.0)
,(505455668,2018,6,12120102,0.0)
,(505455668,2018,6,16100000,164143.0)
;
INSERT INTO public.ledger (vat_number,"year","month",account_chart,value) VALUES 
(505455668,2018,6,17111000,1904.0)
,(505455668,2018,6,17121000,-26748.0)
,(505455668,2018,6,17211000,67540.0)
,(505455668,2018,6,17221000,-52624.0)
,(505455668,2018,6,17410000,0.0)
,(505455668,2018,6,17510000,0.0)
,(505455668,2018,6,17990000,0.0)
,(505455668,2018,6,21110100,1129217.0)
,(505455668,2018,6,21110200,5192.0)
,(505455668,2018,6,21110300,3768.0)
;
INSERT INTO public.ledger (vat_number,"year","month",account_chart,value) VALUES 
(505455668,2018,6,21110400,3572.0)
,(505455668,2018,6,21110500,12074.0)
,(505455668,2018,6,21120000,26964.0)
,(505455668,2018,6,21160000,4708.0)
,(505455668,2018,6,21170000,6425.0)
,(505455668,2018,6,21310000,940.0)
,(505455668,2018,6,21500000,3282956.0)
,(505455668,2018,6,21700000,99282.0)
,(505455668,2018,6,21800000,-586447.0)
,(505455668,2018,6,21910000,-99282.0)
;
INSERT INTO public.ledger (vat_number,"year","month",account_chart,value) VALUES 
(505455668,2018,6,21920000,-7513.0)
,(505455668,2018,6,22110100,-1.0921019E7)
,(505455668,2018,6,22110300,-235.0)
,(505455668,2018,6,22110400,0.0)
,(505455668,2018,6,22110500,-18747.0)
,(505455668,2018,6,22110600,-31.0)
,(505455668,2018,6,22120000,-249643.0)
,(505455668,2018,6,22160000,-6211.0)
,(505455668,2018,6,22190000,1.0)
,(505455668,2018,6,22530000,-69310.0)
;
INSERT INTO public.ledger (vat_number,"year","month",account_chart,value) VALUES 
(505455668,2018,6,22540000,0.0)
,(505455668,2018,6,22800000,46187.0)
,(505455668,2018,6,23120000,-724.0)
,(505455668,2018,6,23220000,524.0)
,(505455668,2018,6,23300000,-443.0)
,(505455668,2018,6,23812000,0.0)
,(505455668,2018,6,24121000,300.0)
,(505455668,2018,6,24150000,0.0)
,(505455668,2018,6,24170000,0.0)
,(505455668,2018,6,24210000,-69026.0)
;
INSERT INTO public.ledger (vat_number,"year","month",account_chart,value) VALUES 
(505455668,2018,6,24220000,0.0)
,(505455668,2018,6,24250000,-102.0)
,(505455668,2018,6,24321000,0.0)
,(505455668,2018,6,24322000,0.0)
,(505455668,2018,6,24323000,0.0)
,(505455668,2018,6,24331000,0.0)
,(505455668,2018,6,24332000,0.0)
,(505455668,2018,6,24333000,0.0)
,(505455668,2018,6,24334000,0.0)
,(505455668,2018,6,24341000,0.0)
;
INSERT INTO public.ledger (vat_number,"year","month",account_chart,value) VALUES 
(505455668,2018,6,24342000,0.0)
,(505455668,2018,6,24350000,0.0)
,(505455668,2018,6,24361000,0.0)
,(505455668,2018,6,24370000,129432.0)
,(505455668,2018,6,24412000,0.0)
,(505455668,2018,6,24500000,-133631.0)
,(505455668,2018,6,24520000,-58.0)
,(505455668,2018,6,25111304,0.0)
,(505455668,2018,6,25312000,-5824000.0)
,(505455668,2018,6,27110000,-61630.0)
;
INSERT INTO public.ledger (vat_number,"year","month",account_chart,value) VALUES 
(505455668,2018,6,27210100,66.0)
,(505455668,2018,6,27210200,152113.0)
,(505455668,2018,6,27210410,308948.0)
,(505455668,2018,6,27210420,549493.0)
,(505455668,2018,6,27210700,48912.0)
,(505455668,2018,6,27211000,24902.0)
,(505455668,2018,6,27211200,2612.0)
,(505455668,2018,6,27219800,14773.0)
,(505455668,2018,6,27219900,9141.0)
,(505455668,2018,6,27221112,-131971.0)
;
INSERT INTO public.ledger (vat_number,"year","month",account_chart,value) VALUES 
(505455668,2018,6,27221113,-132483.0)
,(505455668,2018,6,27221114,-162970.0)
,(505455668,2018,6,27221116,-32782.0)
,(505455668,2018,6,27221117,-30997.0)
,(505455668,2018,6,27221118,-37899.0)
,(505455668,2018,6,27221122,26496.0)
,(505455668,2018,6,27221123,37157.0)
,(505455668,2018,6,27221124,33842.0)
,(505455668,2018,6,27221126,6185.0)
,(505455668,2018,6,27221127,9244.0)
;
INSERT INTO public.ledger (vat_number,"year","month",account_chart,value) VALUES 
(505455668,2018,6,27221128,8454.0)
,(505455668,2018,6,27221200,-57234.0)
,(505455668,2018,6,27221311,-144817.0)
,(505455668,2018,6,27221400,-310417.0)
,(505455668,2018,6,27221500,10522.0)
,(505455668,2018,6,27221601,0.0)
,(505455668,2018,6,27221604,-153.0)
,(505455668,2018,6,27222050,0.0)
,(505455668,2018,6,27222060,0.0)
,(505455668,2018,6,27223010,-9766.0)
;
INSERT INTO public.ledger (vat_number,"year","month",account_chart,value) VALUES 
(505455668,2018,6,27223050,0.0)
,(505455668,2018,6,27223120,-6400.0)
,(505455668,2018,6,27223140,-3100.0)
,(505455668,2018,6,27223150,-18900.0)
,(505455668,2018,6,27223190,-33666.0)
,(505455668,2018,6,27223200,-5410.0)
,(505455668,2018,6,27225000,-91702.0)
,(505455668,2018,6,27226013,-36215.0)
,(505455668,2018,6,27226014,0.0)
,(505455668,2018,6,27229800,-544.0)
;
INSERT INTO public.ledger (vat_number,"year","month",account_chart,value) VALUES 
(505455668,2018,6,27229900,-14156.0)
,(505455668,2018,6,27230000,-78850.0)
,(505455668,2018,6,27411000,103496.0)
,(505455668,2018,6,27810201,0.0)
,(505455668,2018,6,27810300,810227.0)
,(505455668,2018,6,27810502,1149.0)
,(505455668,2018,6,27810503,17315.0)
,(505455668,2018,6,27810700,3398.0)
,(505455668,2018,6,27819900,956.0)
,(505455668,2018,6,27820300,-168.0)
;
INSERT INTO public.ledger (vat_number,"year","month",account_chart,value) VALUES 
(505455668,2018,6,27820400,0.0)
,(505455668,2018,6,27820701,-727.0)
,(505455668,2018,6,27829900,8000.0)
,(505455668,2018,6,27890100,-28342.0)
,(505455668,2018,6,28101100,42702.0)
,(505455668,2018,6,28101200,-23485.0)
,(505455668,2018,6,28102000,29408.0)
,(505455668,2018,6,28103000,18940.0)
,(505455668,2018,6,28106000,0.0)
,(505455668,2018,6,28110000,0.0)
;
INSERT INTO public.ledger (vat_number,"year","month",account_chart,value) VALUES 
(505455668,2018,6,28111000,0.0)
,(505455668,2018,6,28112000,50414.0)
,(505455668,2018,6,28117000,26719.0)
,(505455668,2018,6,28202000,-268691.0)
,(505455668,2018,6,28207000,-36042.0)
,(505455668,2018,6,31102110,3.0480928E7)
,(505455668,2018,6,31102120,0.0)
,(505455668,2018,6,31102210,4412124.0)
,(505455668,2018,6,31105100,4137186.0)
,(505455668,2018,6,31105201,0.0)
;
INSERT INTO public.ledger (vat_number,"year","month",account_chart,value) VALUES 
(505455668,2018,6,31810224,0.0)
,(505455668,2018,6,31810521,0.0)
,(505455668,2018,6,31910000,-3.9008988E7)
,(505455668,2018,6,31920000,-21250.0)
,(505455668,2018,6,32021100,0.0)
,(505455668,2018,6,32021200,1.2867854E7)
,(505455668,2018,6,32021300,211256.0)
,(505455668,2018,6,32022100,0.0)
,(505455668,2018,6,32022200,658166.0)
,(505455668,2018,6,32022300,25758.0)
;
INSERT INTO public.ledger (vat_number,"year","month",account_chart,value) VALUES 
(505455668,2018,6,32050100,1029084.0)
,(505455668,2018,6,32050210,0.0)
,(505455668,2018,6,32500000,53900.0)
,(505455668,2018,6,32502000,0.0)
,(505455668,2018,6,32902100,-137431.0)
,(505455668,2018,6,32902200,-29217.0)
,(505455668,2018,6,32905000,-437233.0)
,(505455668,2018,6,36100000,266696.0)
,(505455668,2018,6,38021130,19600.0)
,(505455668,2018,6,38900000,-19600.0)
;
INSERT INTO public.ledger (vat_number,"year","month",account_chart,value) VALUES 
(505455668,2018,6,41410197,0.0)
,(505455668,2018,6,43200000,1828729.0)
,(505455668,2018,6,43300000,1892976.0)
,(505455668,2018,6,43400000,238847.0)
,(505455668,2018,6,43500000,689984.0)
,(505455668,2018,6,43700000,427199.0)
,(505455668,2018,6,43820000,-503391.0)
,(505455668,2018,6,43830000,-1650743.0)
,(505455668,2018,6,43840000,-238847.0)
,(505455668,2018,6,43850000,-440535.0)
;
INSERT INTO public.ledger (vat_number,"year","month",account_chart,value) VALUES 
(505455668,2018,6,43870000,-319818.0)
,(505455668,2018,6,44300000,36966.0)
,(505455668,2018,6,44830000,-36966.0)
,(505455668,2018,6,45300000,220300.0)
,(505455668,2018,6,51000000,-3400000.0)
,(505455668,2018,6,53100000,-4100000.0)
,(505455668,2018,6,55100000,-34253.0)
,(505455668,2018,6,55221500,-414366.0)
,(505455668,2018,6,55224000,240814.0)
,(505455668,2018,6,55229000,-2149223.0)
;
INSERT INTO public.ledger (vat_number,"year","month",account_chart,value) VALUES 
(505455668,2018,6,56100000,4255311.0)
,(505455668,2018,6,56200000,15000.0)
,(505455668,2018,6,56300000,1046012.0)
,(505455668,2018,6,56400000,-68511.0)
,(505455668,2018,6,61102110,25508.0)
,(505455668,2018,6,61102120,2.5909E7)
,(505455668,2018,6,61102140,-344170.0)
,(505455668,2018,6,61102160,-43238.0)
,(505455668,2018,6,61102190,-4837.0)
,(505455668,2018,6,61102210,-14685.0)
;
INSERT INTO public.ledger (vat_number,"year","month",account_chart,value) VALUES 
(505455668,2018,6,61102220,4454180.0)
,(505455668,2018,6,61102240,1500.0)
,(505455668,2018,6,61102250,-2796.0)
,(505455668,2018,6,61102290,-2361.0)
,(505455668,2018,6,61105100,3849489.0)
,(505455668,2018,6,61105210,-5652.0)
,(505455668,2018,6,61105293,-245775.0)
,(505455668,2018,6,61105294,2331.0)
,(505455668,2018,6,62101100,217965.0)
,(505455668,2018,6,62101200,48342.0)
;
INSERT INTO public.ledger (vat_number,"year","month",account_chart,value) VALUES 
(505455668,2018,6,62210300,16708.0)
,(505455668,2018,6,62210400,12800.0)
,(505455668,2018,6,62210500,840.0)
,(505455668,2018,6,62210600,0.0)
,(505455668,2018,6,62210800,115.0)
,(505455668,2018,6,62210900,32997.0)
,(505455668,2018,6,62211100,2667.0)
,(505455668,2018,6,62211400,12833.0)
,(505455668,2018,6,62211900,0.0)
,(505455668,2018,6,62212000,2426.0)
;
INSERT INTO public.ledger (vat_number,"year","month",account_chart,value) VALUES 
(505455668,2018,6,62212100,3720.0)
,(505455668,2018,6,62212210,56754.0)
,(505455668,2018,6,62212220,61278.0)
,(505455668,2018,6,62212230,-2420.0)
,(505455668,2018,6,62212240,58666.0)
,(505455668,2018,6,62212250,4368.0)
,(505455668,2018,6,62212300,38000.0)
,(505455668,2018,6,62212311,243467.0)
,(505455668,2018,6,62212312,707.0)
,(505455668,2018,6,62212400,60000.0)
;
INSERT INTO public.ledger (vat_number,"year","month",account_chart,value) VALUES 
(505455668,2018,6,62212600,655.0)
,(505455668,2018,6,62213600,16064.0)
,(505455668,2018,6,62214000,-118.0)
,(505455668,2018,6,62220100,35161.0)
,(505455668,2018,6,62220200,31325.0)
,(505455668,2018,6,62220300,19630.0)
,(505455668,2018,6,62220500,35771.0)
,(505455668,2018,6,62220600,4693.0)
,(505455668,2018,6,62220700,77.0)
,(505455668,2018,6,62230100,23193.0)
;
INSERT INTO public.ledger (vat_number,"year","month",account_chart,value) VALUES 
(505455668,2018,6,62239900,393.0)
,(505455668,2018,6,62240400,0.0)
,(505455668,2018,6,62240790,0.0)
,(505455668,2018,6,62241700,0.0)
,(505455668,2018,6,62250100,3162.0)
,(505455668,2018,6,62260100,28545.0)
,(505455668,2018,6,62260200,19572.0)
,(505455668,2018,6,62260300,3399.0)
,(505455668,2018,6,62260411,1127.0)
,(505455668,2018,6,62260413,401.0)
;
INSERT INTO public.ledger (vat_number,"year","month",account_chart,value) VALUES 
(505455668,2018,6,62260414,2239.0)
,(505455668,2018,6,62310000,12920.0)
,(505455668,2018,6,62320200,2306.0)
,(505455668,2018,6,62320300,350.0)
,(505455668,2018,6,62330000,6988.0)
,(505455668,2018,6,62340100,479.0)
,(505455668,2018,6,62340400,16171.0)
,(505455668,2018,6,62349900,1555.0)
,(505455668,2018,6,62350000,69.0)
,(505455668,2018,6,62380100,15137.0)
;
INSERT INTO public.ledger (vat_number,"year","month",account_chart,value) VALUES 
(505455668,2018,6,62410100,41094.0)
,(505455668,2018,6,62421111,2709.0)
,(505455668,2018,6,62421112,5635.0)
,(505455668,2018,6,62421200,7515.0)
,(505455668,2018,6,62422111,12122.0)
,(505455668,2018,6,62422112,30576.0)
,(505455668,2018,6,62422121,986.0)
,(505455668,2018,6,62422200,24963.0)
,(505455668,2018,6,62422400,7521.0)
,(505455668,2018,6,62430000,3687.0)
;
INSERT INTO public.ledger (vat_number,"year","month",account_chart,value) VALUES 
(505455668,2018,6,62480100,0.0)
,(505455668,2018,6,62480200,428.0)
,(505455668,2018,6,62480300,79.0)
,(505455668,2018,6,62480400,2300.0)
,(505455668,2018,6,62511201,0.0)
,(505455668,2018,6,62512100,45778.0)
,(505455668,2018,6,62512201,17308.0)
,(505455668,2018,6,62512202,590.0)
,(505455668,2018,6,62512203,1.0)
,(505455668,2018,6,62520000,43.0)
;
INSERT INTO public.ledger (vat_number,"year","month",account_chart,value) VALUES 
(505455668,2018,6,62532100,22995.0)
,(505455668,2018,6,62532300,2965.0)
,(505455668,2018,6,62610210,512997.0)
,(505455668,2018,6,62610220,119020.0)
,(505455668,2018,6,62610400,1119.0)
,(505455668,2018,6,62610500,0.0)
,(505455668,2018,6,62610630,22.0)
,(505455668,2018,6,62610641,375.0)
,(505455668,2018,6,62610643,381.0)
,(505455668,2018,6,62610644,12655.0)
;
INSERT INTO public.ledger (vat_number,"year","month",account_chart,value) VALUES 
(505455668,2018,6,62620100,2185.0)
,(505455668,2018,6,62620200,1914.0)
,(505455668,2018,6,62620300,9070.0)
,(505455668,2018,6,62620400,3978.0)
,(505455668,2018,6,62630111,46302.0)
,(505455668,2018,6,62630121,948.0)
,(505455668,2018,6,62630130,5499.0)
,(505455668,2018,6,62630150,1178.0)
,(505455668,2018,6,62630160,43928.0)
,(505455668,2018,6,62630191,290.0)
;
INSERT INTO public.ledger (vat_number,"year","month",account_chart,value) VALUES 
(505455668,2018,6,62630500,15534.0)
,(505455668,2018,6,62630600,1874.0)
,(505455668,2018,6,62630701,3660.0)
,(505455668,2018,6,62630799,4563.0)
,(505455668,2018,6,62630900,0.0)
,(505455668,2018,6,62650100,1392.0)
,(505455668,2018,6,62650200,800.0)
,(505455668,2018,6,62660200,1600.0)
,(505455668,2018,6,62660700,3687.0)
,(505455668,2018,6,62670100,34955.0)
;
INSERT INTO public.ledger (vat_number,"year","month",account_chart,value) VALUES 
(505455668,2018,6,62670200,13493.0)
,(505455668,2018,6,62680104,154.0)
,(505455668,2018,6,62680301,10238.0)
,(505455668,2018,6,62680501,11.0)
,(505455668,2018,6,62680503,42599.0)
,(505455668,2018,6,62680504,13991.0)
,(505455668,2018,6,62680600,69.0)
,(505455668,2018,6,62680800,0.0)
,(505455668,2018,6,62680900,37.0)
,(505455668,2018,6,62689800,0.0)
;
INSERT INTO public.ledger (vat_number,"year","month",account_chart,value) VALUES 
(505455668,2018,6,63150100,0.0)
,(505455668,2018,6,63211100,341377.0)
,(505455668,2018,6,63211200,392657.0)
,(505455668,2018,6,63211300,430252.0)
,(505455668,2018,6,63221111,1345.0)
,(505455668,2018,6,63221112,233.0)
,(505455668,2018,6,63221113,24115.0)
,(505455668,2018,6,63221121,28989.0)
,(505455668,2018,6,63221122,33602.0)
,(505455668,2018,6,63221123,35678.0)
;
INSERT INTO public.ledger (vat_number,"year","month",account_chart,value) VALUES 
(505455668,2018,6,63221211,2467.0)
,(505455668,2018,6,63221212,-17.0)
,(505455668,2018,6,63221213,32932.0)
,(505455668,2018,6,63221221,28989.0)
,(505455668,2018,6,63221222,33602.0)
,(505455668,2018,6,63221223,35678.0)
,(505455668,2018,6,63222031,10481.0)
,(505455668,2018,6,63222032,20054.0)
,(505455668,2018,6,63222033,40745.0)
,(505455668,2018,6,63222041,98.0)
;
INSERT INTO public.ledger (vat_number,"year","month",account_chart,value) VALUES 
(505455668,2018,6,63222042,2582.0)
,(505455668,2018,6,63222043,601.0)
,(505455668,2018,6,63222061,1973.0)
,(505455668,2018,6,63231000,2629.0)
,(505455668,2018,6,63232000,15804.0)
,(505455668,2018,6,63233000,11574.0)
,(505455668,2018,6,63240000,221276.0)
,(505455668,2018,6,63251110,16246.0)
,(505455668,2018,6,63251120,45900.0)
,(505455668,2018,6,63251130,71621.0)
;
INSERT INTO public.ledger (vat_number,"year","month",account_chart,value) VALUES 
(505455668,2018,6,63251210,49514.0)
,(505455668,2018,6,63251220,1040.0)
,(505455668,2018,6,63251230,12837.0)
,(505455668,2018,6,63252100,165.0)
,(505455668,2018,6,63252200,2007.0)
,(505455668,2018,6,63252300,1617.0)
,(505455668,2018,6,63260210,4010.0)
,(505455668,2018,6,63260220,6067.0)
,(505455668,2018,6,63260230,6646.0)
,(505455668,2018,6,63269910,2065.0)
;
INSERT INTO public.ledger (vat_number,"year","month",account_chart,value) VALUES 
(505455668,2018,6,63269920,374.0)
,(505455668,2018,6,63269930,6715.0)
,(505455668,2018,6,63410000,1865.0)
,(505455668,2018,6,63521100,88123.0)
,(505455668,2018,6,63521200,111310.0)
,(505455668,2018,6,63521300,192053.0)
,(505455668,2018,6,63522100,14179.0)
,(505455668,2018,6,63522200,15735.0)
,(505455668,2018,6,63522300,19552.0)
,(505455668,2018,6,63523100,11760.0)
;
INSERT INTO public.ledger (vat_number,"year","month",account_chart,value) VALUES 
(505455668,2018,6,63523200,247.0)
,(505455668,2018,6,63523300,3049.0)
,(505455668,2018,6,63524100,77.0)
,(505455668,2018,6,63524200,83.0)
,(505455668,2018,6,63524300,117.0)
,(505455668,2018,6,63621000,6282.0)
,(505455668,2018,6,63622000,6269.0)
,(505455668,2018,6,63623000,10983.0)
,(505455668,2018,6,63720110,3502.0)
,(505455668,2018,6,63720120,2600.0)
;
INSERT INTO public.ledger (vat_number,"year","month",account_chart,value) VALUES 
(505455668,2018,6,63720130,3482.0)
,(505455668,2018,6,63720210,-1022.0)
,(505455668,2018,6,63720220,-2088.0)
,(505455668,2018,6,63720230,-2664.0)
,(505455668,2018,6,63720610,67.0)
,(505455668,2018,6,63720620,209.0)
,(505455668,2018,6,63720630,79.0)
,(505455668,2018,6,63720700,40544.0)
,(505455668,2018,6,63720800,2901.0)
,(505455668,2018,6,63720920,6548.0)
;
INSERT INTO public.ledger (vat_number,"year","month",account_chart,value) VALUES 
(505455668,2018,6,63720930,7.0)
,(505455668,2018,6,63721110,0.0)
,(505455668,2018,6,63721120,1256.0)
,(505455668,2018,6,63721150,0.0)
,(505455668,2018,6,63729900,100.0)
,(505455668,2018,6,63801100,613.0)
,(505455668,2018,6,63802100,53826.0)
,(505455668,2018,6,63803000,4923.0)
,(505455668,2018,6,63804000,4018.0)
,(505455668,2018,6,63807011,9158.0)
;
INSERT INTO public.ledger (vat_number,"year","month",account_chart,value) VALUES 
(505455668,2018,6,63807012,972.0)
,(505455668,2018,6,63807052,98.0)
,(505455668,2018,6,63807053,55.0)
,(505455668,2018,6,63899000,60.0)
,(505455668,2018,6,64220000,75247.0)
,(505455668,2018,6,64230000,35219.0)
,(505455668,2018,6,64250000,19185.0)
,(505455668,2018,6,64270000,9395.0)
,(505455668,2018,6,65112000,4268.0)
,(505455668,2018,6,65211000,112605.0)
;
INSERT INTO public.ledger (vat_number,"year","month",account_chart,value) VALUES 
(505455668,2018,6,65211100,0.0)
,(505455668,2018,6,65211200,0.0)
,(505455668,2018,6,65212100,4864.0)
,(505455668,2018,6,68120111,3669.0)
,(505455668,2018,6,68120113,4853.0)
,(505455668,2018,6,68120114,5405.0)
,(505455668,2018,6,68120120,44.0)
,(505455668,2018,6,68120311,35480.0)
,(505455668,2018,6,68120312,0.0)
,(505455668,2018,6,68131000,806.0)
;
INSERT INTO public.ledger (vat_number,"year","month",account_chart,value) VALUES 
(505455668,2018,6,68139000,64.0)
,(505455668,2018,6,68220000,-132.0)
,(505455668,2018,6,68300000,622.0)
,(505455668,2018,6,68411000,0.0)
,(505455668,2018,6,68420000,22742.0)
,(505455668,2018,6,68811000,0.0)
,(505455668,2018,6,68813000,-55.0)
,(505455668,2018,6,68819000,752.0)
,(505455668,2018,6,68821210,3608.0)
,(505455668,2018,6,68821220,5489.0)
;
INSERT INTO public.ledger (vat_number,"year","month",account_chart,value) VALUES 
(505455668,2018,6,68821230,3395.0)
,(505455668,2018,6,68821300,64.0)
,(505455668,2018,6,68830000,150.0)
,(505455668,2018,6,68841000,1488.0)
,(505455668,2018,6,68842000,291.0)
,(505455668,2018,6,68843000,31.0)
,(505455668,2018,6,68849000,77431.0)
,(505455668,2018,6,68870110,27180.0)
,(505455668,2018,6,68870140,4658.0)
,(505455668,2018,6,68870160,10013.0)
;
INSERT INTO public.ledger (vat_number,"year","month",account_chart,value) VALUES 
(505455668,2018,6,68870711,9563.0)
,(505455668,2018,6,68870713,1460.0)
,(505455668,2018,6,68870715,10793.0)
,(505455668,2018,6,68870716,31162.0)
,(505455668,2018,6,68870718,2620.0)
,(505455668,2018,6,68870820,1449.0)
,(505455668,2018,6,68870900,13358.0)
,(505455668,2018,6,68871000,13467.0)
,(505455668,2018,6,68871100,638.0)
,(505455668,2018,6,68871200,20799.0)
;
INSERT INTO public.ledger (vat_number,"year","month",account_chart,value) VALUES 
(505455668,2018,6,68871300,0.0)
,(505455668,2018,6,68880610,348.0)
,(505455668,2018,6,68880623,0.0)
,(505455668,2018,6,68880629,0.0)
,(505455668,2018,6,68889900,0.0)
,(505455668,2018,6,69110150,0.0)
,(505455668,2018,6,69110701,0.0)
,(505455668,2018,6,69110801,183466.0)
,(505455668,2018,6,69110901,0.0)
,(505455668,2018,6,69180100,0.0)
;
INSERT INTO public.ledger (vat_number,"year","month",account_chart,value) VALUES 
(505455668,2018,6,69180300,241.0)
,(505455668,2018,6,69211000,0.0)
,(505455668,2018,6,69221000,74.0)
,(505455668,2018,6,69231000,49.0)
,(505455668,2018,6,69232000,-1.0)
,(505455668,2018,6,69818000,90.0)
,(505455668,2018,6,69819000,27943.0)
,(505455668,2018,6,69820200,27300.0)
,(505455668,2018,6,69820400,0.0)
,(505455668,2018,6,69820500,19116.0)
;
INSERT INTO public.ledger (vat_number,"year","month",account_chart,value) VALUES 
(505455668,2018,6,69820700,2227.0)
,(505455668,2018,6,69820800,229.0)
,(505455668,2018,6,69821000,2498.0)
,(505455668,2018,6,69822001,0.0)
,(505455668,2018,6,69829900,725.0)
,(505455668,2018,6,71102110,-102669.0)
,(505455668,2018,6,71102120,-2.7062148E7)
,(505455668,2018,6,71102190,15.0)
,(505455668,2018,6,71102210,-8862.0)
,(505455668,2018,6,71102220,-4618692.0)
;
INSERT INTO public.ledger (vat_number,"year","month",account_chart,value) VALUES 
(505455668,2018,6,71102290,407.0)
,(505455668,2018,6,71105110,-4498024.0)
,(505455668,2018,6,71105120,-82562.0)
,(505455668,2018,6,71105130,-737562.0)
,(505455668,2018,6,71710511,196775.0)
,(505455668,2018,6,71710512,32207.0)
,(505455668,2018,6,71810212,42161.0)
,(505455668,2018,6,71810213,6365.0)
,(505455668,2018,6,71810223,407.0)
,(505455668,2018,6,71810511,0.0)
;
INSERT INTO public.ledger (vat_number,"year","month",account_chart,value) VALUES 
(505455668,2018,6,71810527,21984.0)
,(505455668,2018,6,72011110,-1239591.0)
,(505455668,2018,6,72011210,-190602.0)
,(505455668,2018,6,72011310,-86638.0)
,(505455668,2018,6,72011410,-29184.0)
,(505455668,2018,6,72011420,-178.0)
,(505455668,2018,6,72012110,-186474.0)
,(505455668,2018,6,72012210,-3465.0)
,(505455668,2018,6,72501100,-183.0)
,(505455668,2018,6,72501300,-3079.0)
;
INSERT INTO public.ledger (vat_number,"year","month",account_chart,value) VALUES 
(505455668,2018,6,72502100,0.0)
,(505455668,2018,6,72503300,-3758.0)
,(505455668,2018,6,72701111,40616.0)
,(505455668,2018,6,72701121,6102.0)
,(505455668,2018,6,72701131,42151.0)
,(505455668,2018,6,72701141,2063.0)
,(505455668,2018,6,72801190,8737.0)
,(505455668,2018,6,73310000,-27115.0)
,(505455668,2018,6,73320000,-115858.0)
,(505455668,2018,6,74510000,-181502.0)
;
INSERT INTO public.ledger (vat_number,"year","month",account_chart,value) VALUES 
(505455668,2018,6,74520000,-41023.0)
,(505455668,2018,6,74540000,-50455.0)
,(505455668,2018,6,74550000,-23423.0)
,(505455668,2018,6,76211100,-1479.0)
,(505455668,2018,6,76211200,-5263.0)
,(505455668,2018,6,76221100,-39688.0)
,(505455668,2018,6,76221110,0.0)
,(505455668,2018,6,76221120,0.0)
,(505455668,2018,6,76221210,0.0)
,(505455668,2018,6,78110000,-13248.0)
;
INSERT INTO public.ledger (vat_number,"year","month",account_chart,value) VALUES 
(505455668,2018,6,78160300,-13721.0)
,(505455668,2018,6,78220000,-2874.0)
,(505455668,2018,6,78300000,0.0)
,(505455668,2018,6,78411000,-28.0)
,(505455668,2018,6,78420000,-34697.0)
,(505455668,2018,6,78613100,-29.0)
,(505455668,2018,6,78613200,-1.0)
,(505455668,2018,6,78782000,0.0)
,(505455668,2018,6,78811000,0.0)
,(505455668,2018,6,78813000,0.0)
;
INSERT INTO public.ledger (vat_number,"year","month",account_chart,value) VALUES 
(505455668,2018,6,78819000,-856.0)
,(505455668,2018,6,78820000,0.0)
,(505455668,2018,6,78860120,-2361.0)
,(505455668,2018,6,78860130,4.0)
,(505455668,2018,6,78860210,-521234.0)
,(505455668,2018,6,78860220,262267.0)
,(505455668,2018,6,78860391,-6592.0)
,(505455668,2018,6,78860515,-61506.0)
,(505455668,2018,6,78860599,-31801.0)
,(505455668,2018,6,78880200,-18212.0)
;
INSERT INTO public.ledger (vat_number,"year","month",account_chart,value) VALUES 
(505455668,2018,6,78880303,0.0)
,(505455668,2018,6,78889900,-124.0)
,(505455668,2018,6,79110000,-1214.0)
,(505455668,2018,6,79180100,-7875.0)
,(505455668,2018,6,81100000,0.0)
,(505455668,2018,6,81121000,0.0)
,(505455668,2018,6,81122000,0.0)
,(505455668,2018,6,81220000,0.0)
,(505455668,2018,6,81800000,0.0)
;

INSERT INTO public.statements (vat_number,account,"year","month",value,input_method) VALUES 
(505455668,'A00101',2018,12,2362830.7,'import')
,(505455668,'A00102',2018,12,0.0,'import')
,(505455668,'A00103',2018,12,0.0,'import')
,(505455668,'A00104',2018,12,0.0,'import')
,(505455668,'A00105',2018,12,0.0,'import')
,(505455668,'A00106',2018,12,0.0,'import')
,(505455668,'A00107',2018,12,19957.12,'import')
,(505455668,'A00108',2018,12,0.0,'import')
,(505455668,'A00111',2018,12,0.0,'import')
,(505455668,'A00109',2018,12,104417.18,'import')
;
INSERT INTO public.statements (vat_number,account,"year","month",value,input_method) VALUES 
(505455668,'A00110',2018,12,0.0,'import')
,(505455668,'A00112',2018,12,2487205.0,'import')
,(505455668,'A00113',2018,12,1.79063948E7,'import')
,(505455668,'A00114',2018,12,0.0,'import')
,(505455668,'A00115',2018,12,4933808.19,'import')
,(505455668,'A90001',2018,12,75481.16,'import')
,(505455668,'A00116',2018,12,558727.77,'import')
,(505455668,'A00117',2018,12,0.0,'import')
,(505455668,'A00118',2018,12,2712720.81,'import')
,(505455668,'A00119',2018,12,111235.04,'import')
;
INSERT INTO public.statements (vat_number,account,"year","month",value,input_method) VALUES 
(505455668,'A00120',2018,12,0.0,'import')
,(505455668,'A00121',2018,12,0.0,'import')
,(505455668,'A00122',2018,12,0.0,'import')
,(505455668,'A00123',2018,12,0.0,'import')
,(505455668,'A00124',2018,12,28687.64,'import')
,(505455668,'A00125',2018,12,2.632705541E7,'import')
,(505455668,'A00126',2018,12,2.881426041E7,'import')
,(505455668,'A00127',2018,12,-5400000.0,'import')
,(505455668,'A00128',2018,12,0.0,'import')
,(505455668,'A00129',2018,12,-4100000.0,'import')
;
INSERT INTO public.statements (vat_number,account,"year","month",value,input_method) VALUES 
(505455668,'A00130',2018,12,0.0,'import')
,(505455668,'A00131',2018,12,-34252.95,'import')
,(505455668,'A00132',2018,12,-2322775.61,'import')
,(505455668,'A00133',2018,12,5247811.74,'import')
,(505455668,'A00134',2018,12,0.0,'import')
,(505455668,'A00135',2018,12,0.0,'import')
,(505455668,'A00136',2018,12,-6609216.82,'import')
,(505455668,'A00138',2018,12,0.0,'import')
,(505455668,'A00139',2018,12,-6970257.46,'import')
,(505455668,'A00140',2018,12,0.0,'import')
;
INSERT INTO public.statements (vat_number,account,"year","month",value,input_method) VALUES 
(505455668,'A00141',2018,12,0.0,'import')
,(505455668,'A00142',2018,12,0.0,'import')
,(505455668,'A00143',2018,12,0.0,'import')
,(505455668,'A00144',2018,12,0.0,'import')
,(505455668,'A00145',2018,12,0.0,'import')
,(505455668,'A00146',2018,12,-1.666019409E7,'import')
,(505455668,'A00147',2018,12,-657856.58,'import')
,(505455668,'A00148',2018,12,0.0,'import')
,(505455668,'A90002',2018,12,0.0,'import')
,(505455668,'A00149',2018,12,0.0,'import')
;
INSERT INTO public.statements (vat_number,account,"year","month",value,input_method) VALUES 
(505455668,'A00150',2018,12,-3749214.01,'import')
,(505455668,'A00152',2018,12,0.0,'import')
,(505455668,'A00153',2018,12,0.0,'import')
,(505455668,'A00154',2018,12,0.0,'import')
,(505455668,'A00155',2018,12,0.0,'import')
,(505455668,'A00156',2018,12,-2.184400295E7,'import')
,(505455668,'A00157',2018,12,-2.184400295E7,'import')
,(505455668,'A00158',2018,12,-2.881426041E7,'import')
,(505455668,'A00001',2018,12,-9.573021139E7,'import')
,(505455668,'A00002',2018,12,0.0,'import')
;
INSERT INTO public.statements (vat_number,account,"year","month",value,input_method) VALUES 
(505455668,'A00003',2018,12,0.0,'import')
,(505455668,'A00004',2018,12,-41277.14,'import')
,(505455668,'A00005',2018,12,-594452.16,'import')
,(505455668,'A00006',2018,12,8.50800759E7,'import')
,(505455668,'A00007',2018,12,4824433.56,'import')
,(505455668,'A00008',2018,12,5502557.19,'import')
,(505455668,'A00010',2018,12,201030.36,'import')
,(505455668,'A00011',2018,12,-603.81,'import')
,(505455668,'A00012',2018,12,0.0,'import')
,(505455668,'A00013',2018,12,0.0,'import')
;
INSERT INTO public.statements (vat_number,account,"year","month",value,input_method) VALUES 
(505455668,'A00014',2018,12,0.0,'import')
,(505455668,'A00015',2018,12,0.0,'import')
,(505455668,'A00016',2018,12,-907978.57,'import')
,(505455668,'A00017',2018,12,457561.53,'import')
,(505455668,'A00018',2018,12,-1208864.53,'import')
,(505455668,'A00019',2018,12,296606.42,'import')
,(505455668,'A00020',2018,12,0.0,'import')
,(505455668,'A00021',2018,12,-912258.11,'import')
,(505455668,'A00022',2018,12,-9607.29,'import')
,(505455668,'A00023',2018,12,439798.22,'import')
;
INSERT INTO public.statements (vat_number,account,"year","month",value,input_method) VALUES 
(505455668,'A00024',2018,12,-482067.18,'import')
,(505455668,'A00137',2018,12,-361040.64,'import')
,(505455668,'A00027',2018,12,0.0,'import')
,(505455668,'A00101',2017,12,1922394.98,'import')
,(505455668,'A00102',2017,12,0.0,'import')
,(505455668,'A00103',2017,12,0.0,'import')
,(505455668,'A00104',2017,12,0.0,'import')
,(505455668,'A00105',2017,12,0.0,'import')
,(505455668,'A00106',2017,12,0.0,'import')
,(505455668,'A00107',2017,12,0.0,'import')
;
INSERT INTO public.statements (vat_number,account,"year","month",value,input_method) VALUES 
(505455668,'A00108',2017,12,0.0,'import')
,(505455668,'A00111',2017,12,0.0,'import')
,(505455668,'A00109',2017,12,103496.29,'import')
,(505455668,'A00110',2017,12,0.0,'import')
,(505455668,'A00112',2017,12,2025891.27,'import')
,(505455668,'A00113',2017,12,1.518926114E7,'import')
,(505455668,'A00114',2017,12,0.0,'import')
,(505455668,'A00115',2017,12,5105837.36,'import')
,(505455668,'A90001',2017,12,102484.1,'import')
,(505455668,'A00116',2017,12,702950.01,'import')
;
INSERT INTO public.statements (vat_number,account,"year","month",value,input_method) VALUES 
(505455668,'A00117',2017,12,0.0,'import')
,(505455668,'A00118',2017,12,1229450.52,'import')
,(505455668,'A00119',2017,12,135754.48,'import')
,(505455668,'A00120',2017,12,0.0,'import')
,(505455668,'A00121',2017,12,0.0,'import')
,(505455668,'A00122',2017,12,0.0,'import')
,(505455668,'A00123',2017,12,0.0,'import')
,(505455668,'A00124',2017,12,383687.99,'import')
,(505455668,'A00125',2017,12,2.28494256E7,'import')
,(505455668,'A00126',2017,12,2.487531687E7,'import')
;
INSERT INTO public.statements (vat_number,account,"year","month",value,input_method) VALUES 
(505455668,'A00127',2017,12,-3400000.0,'import')
,(505455668,'A00128',2017,12,0.0,'import')
,(505455668,'A00129',2017,12,-4100000.0,'import')
,(505455668,'A00130',2017,12,0.0,'import')
,(505455668,'A00131',2017,12,-29555.86,'import')
,(505455668,'A00132',2017,12,-2322775.61,'import')
,(505455668,'A00133',2017,12,5337056.37,'import')
,(505455668,'A00151',2018,12,-776738.27,'import')
,(505455668,'A00025',2018,12,121026.54,'import')
,(505455668,'A00134',2017,12,0.0,'import')
;
INSERT INTO public.statements (vat_number,account,"year","month",value,input_method) VALUES 
(505455668,'A00135',2017,12,0.0,'import')
,(505455668,'A00136',2017,12,-4515275.1,'import')
,(505455668,'A00137',2017,12,-93941.72,'import')
,(505455668,'A00138',2017,12,0.0,'import')
,(505455668,'A00139',2017,12,-4609216.82,'import')
,(505455668,'A00140',2017,12,0.0,'import')
,(505455668,'A00141',2017,12,-3220500.0,'import')
,(505455668,'A00142',2017,12,0.0,'import')
,(505455668,'A00143',2017,12,0.0,'import')
,(505455668,'A00144',2017,12,0.0,'import')
;
INSERT INTO public.statements (vat_number,account,"year","month",value,input_method) VALUES 
(505455668,'A00145',2017,12,-3220500.0,'import')
,(505455668,'A00146',2017,12,-1.433507466E7,'import')
,(505455668,'A00147',2017,12,-285064.1,'import')
,(505455668,'A90002',2017,12,0.0,'import')
,(505455668,'A00149',2017,12,0.0,'import')
,(505455668,'A00150',2017,12,-1920948.9,'import')
,(505455668,'A00152',2017,12,0.0,'import')
,(505455668,'A00153',2017,12,0.0,'import')
,(505455668,'A00154',2017,12,0.0,'import')
,(505455668,'A00155',2017,12,0.0,'import')
;
INSERT INTO public.statements (vat_number,account,"year","month",value,input_method) VALUES 
(505455668,'A00156',2017,12,-1.704560005E7,'import')
,(505455668,'A00157',2017,12,-2.026610005E7,'import')
,(505455668,'A00158',2017,12,-2.487531687E7,'import')
,(505455668,'A00001',2017,12,-7.925507732E7,'import')
,(505455668,'A00002',2017,12,0.0,'import')
,(505455668,'A00003',2017,12,0.0,'import')
,(505455668,'A00004',2017,12,-15724.61,'import')
,(505455668,'A00005',2017,12,-582031.56,'import')
,(505455668,'A00006',2017,12,6.95963879E7,'import')
,(505455668,'A00007',2017,12,4485878.24,'import')
;
INSERT INTO public.statements (vat_number,account,"year","month",value,input_method) VALUES 
(505455668,'A00008',2017,12,5360663.72,'import')
,(505455668,'A00010',2017,12,127269.89,'import')
,(505455668,'A00011',2017,12,-12376.53,'import')
,(505455668,'A00012',2017,12,0.0,'import')
,(505455668,'A00013',2017,12,0.0,'import')
,(505455668,'A00014',2017,12,0.0,'import')
,(505455668,'A00015',2017,12,0.0,'import')
,(505455668,'A00016',2017,12,-1015830.98,'import')
,(505455668,'A00017',2017,12,708683.14,'import')
,(505455668,'A00018',2017,12,-602158.11,'import')
;
INSERT INTO public.statements (vat_number,account,"year","month",value,input_method) VALUES 
(505455668,'A00019',2017,12,203927.39,'import')
,(505455668,'A00020',2017,12,0.0,'import')
,(505455668,'A00021',2017,12,-398230.72,'import')
,(505455668,'A00022',2017,12,-5782.83,'import')
,(505455668,'A00023',2017,12,236268.09,'import')
,(505455668,'A00024',2017,12,-167745.46,'import')
,(505455668,'A00027',2017,12,0.0,'import')
,(505455668,'A00101',2015,12,566827.96,'import')
,(505455668,'A00102',2015,12,0.0,'import')
,(505455668,'A00103',2015,12,0.0,'import')
;
INSERT INTO public.statements (vat_number,account,"year","month",value,input_method) VALUES 
(505455668,'A00104',2015,12,0.0,'import')
,(505455668,'A00105',2015,12,0.0,'import')
,(505455668,'A00106',2015,12,0.0,'import')
,(505455668,'A00107',2015,12,0.0,'import')
,(505455668,'A00108',2015,12,0.0,'import')
,(505455668,'A00111',2015,12,0.0,'import')
,(505455668,'A00109',2015,12,87688.61,'import')
,(505455668,'A00110',2015,12,0.0,'import')
,(505455668,'A00112',2015,12,654516.57,'import')
,(505455668,'A00113',2015,12,9737650.48,'import')
;
INSERT INTO public.statements (vat_number,account,"year","month",value,input_method) VALUES 
(505455668,'A00114',2015,12,0.0,'import')
,(505455668,'A00115',2015,12,2793217.26,'import')
,(505455668,'A90001',2015,12,2920.99,'import')
,(505455668,'A00116',2015,12,314556.07,'import')
,(505455668,'A00117',2015,12,0.0,'import')
,(505455668,'A00118',2015,12,1828470.09,'import')
,(505455668,'A00119',2015,12,104307.89,'import')
,(505455668,'A00120',2015,12,0.0,'import')
,(505455668,'A00121',2015,12,0.0,'import')
,(505455668,'A00122',2015,12,0.0,'import')
;
INSERT INTO public.statements (vat_number,account,"year","month",value,input_method) VALUES 
(505455668,'A00123',2015,12,0.0,'import')
,(505455668,'A00124',2015,12,57371.42,'import')
,(505455668,'A00125',2015,12,1.48384942E7,'import')
,(505455668,'A00126',2015,12,1.549301077E7,'import')
,(505455668,'A00127',2015,12,-3400000.0,'import')
,(505455668,'A00128',2015,12,0.0,'import')
,(505455668,'A00129',2015,12,-4100000.0,'import')
,(505455668,'A00130',2015,12,0.0,'import')
,(505455668,'A00131',2015,12,0.0,'import')
,(505455668,'A00132',2015,12,-2322775.61,'import')
;
INSERT INTO public.statements (vat_number,account,"year","month",value,input_method) VALUES 
(505455668,'A00133',2015,12,5800426.26,'import')
,(505455668,'A00134',2015,12,0.0,'import')
,(505455668,'A00135',2015,12,0.0,'import')
,(505455668,'A00136',2015,12,-4022349.35,'import')
,(505455668,'A00138',2015,12,0.0,'import')
,(505455668,'A00139',2015,12,-4055079.84,'import')
,(505455668,'A00140',2015,12,0.0,'import')
,(505455668,'A00141',2015,12,0.0,'import')
,(505455668,'A00142',2015,12,0.0,'import')
,(505455668,'A00143',2015,12,0.0,'import')
;
INSERT INTO public.statements (vat_number,account,"year","month",value,input_method) VALUES 
(505455668,'A00144',2015,12,0.0,'import')
,(505455668,'A00145',2015,12,0.0,'import')
,(505455668,'A00146',2015,12,-9619369.49,'import')
,(505455668,'A00147',2015,12,-241313.42,'import')
,(505455668,'A90002',2015,12,0.0,'import')
,(505455668,'A00149',2015,12,0.0,'import')
,(505455668,'A00150',2015,12,-1234268.75,'import')
,(505455668,'A00152',2015,12,0.0,'import')
,(505455668,'A00153',2015,12,0.0,'import')
,(505455668,'A00154',2015,12,0.0,'import')
;
INSERT INTO public.statements (vat_number,account,"year","month",value,input_method) VALUES 
(505455668,'A00155',2015,12,0.0,'import')
,(505455668,'A00156',2015,12,-1.143793093E7,'import')
,(505455668,'A00157',2015,12,-1.143793093E7,'import')
,(505455668,'A00158',2015,12,-1.549301077E7,'import')
,(505455668,'A00001',2015,12,-5.853130167E7,'import')
,(505455668,'A00002',2015,12,0.0,'import')
,(505455668,'A00003',2015,12,0.0,'import')
,(505455668,'A00004',2015,12,-46717.62,'import')
,(505455668,'A00005',2015,12,-468483.38,'import')
,(505455668,'A00006',2015,12,5.01248869E7,'import')
;
INSERT INTO public.statements (vat_number,account,"year","month",value,input_method) VALUES 
(505455668,'A00007',2015,12,3966808.85,'import')
,(505455668,'A00008',2015,12,4573219.18,'import')
,(505455668,'A00148',2017,12,-132743.96,'import')
,(505455668,'A00148',2015,12,-118847.37,'import')
,(505455668,'A00151',2017,12,-371768.43,'import')
,(505455668,'A00151',2015,12,-224131.9,'import')
,(505455668,'A00025',2017,12,73803.74,'import')
,(505455668,'A00010',2015,12,121515.34,'import')
,(505455668,'A00011',2015,12,-35294.25,'import')
,(505455668,'A00012',2015,12,0.0,'import')
;
INSERT INTO public.statements (vat_number,account,"year","month",value,input_method) VALUES 
(505455668,'A00013',2015,12,0.0,'import')
,(505455668,'A00014',2015,12,0.0,'import')
,(505455668,'A00015',2015,12,0.0,'import')
,(505455668,'A00016',2015,12,-595264.32,'import')
,(505455668,'A00017',2015,12,645148.14,'import')
,(505455668,'A00018',2015,12,-245482.83,'import')
,(505455668,'A00019',2015,12,106871.86,'import')
,(505455668,'A00020',2015,12,0.0,'import')
,(505455668,'A00021',2015,12,-138610.97,'import')
,(505455668,'A00022',2015,12,-26087.31,'import')
;
INSERT INTO public.statements (vat_number,account,"year","month",value,input_method) VALUES 
(505455668,'A00023',2015,12,61189.89,'import')
,(505455668,'A00024',2015,12,-103508.39,'import')
,(505455668,'A00137',2015,12,-32730.49,'import')
,(505455668,'A00027',2015,12,0.0,'import')
,(505455668,'A00101',2016,12,1306538.99,'import')
,(505455668,'A00102',2016,12,0.0,'import')
,(505455668,'A00103',2016,12,0.0,'import')
,(505455668,'A00104',2016,12,0.0,'import')
,(505455668,'A00105',2016,12,0.0,'import')
,(505455668,'A00106',2016,12,0.0,'import')
;
INSERT INTO public.statements (vat_number,account,"year","month",value,input_method) VALUES 
(505455668,'A00107',2016,12,0.0,'import')
,(505455668,'A00108',2016,12,0.0,'import')
,(505455668,'A00111',2016,12,0.0,'import')
,(505455668,'A00109',2016,12,96933.86,'import')
,(505455668,'A00110',2016,12,0.0,'import')
,(505455668,'A00112',2016,12,1403472.85,'import')
,(505455668,'A00113',2016,12,1.216101867E7,'import')
,(505455668,'A00114',2016,12,0.0,'import')
,(505455668,'A00115',2016,12,4843431.91,'import')
,(505455668,'A90001',2016,12,6549.69,'import')
;
INSERT INTO public.statements (vat_number,account,"year","month",value,input_method) VALUES 
(505455668,'A00116',2016,12,473600.85,'import')
,(505455668,'A00117',2016,12,0.0,'import')
,(505455668,'A00118',2016,12,1147726.44,'import')
,(505455668,'A00119',2016,12,105064.66,'import')
,(505455668,'A00120',2016,12,0.0,'import')
,(505455668,'A00121',2016,12,0.0,'import')
,(505455668,'A00122',2016,12,0.0,'import')
,(505455668,'A00123',2016,12,0.0,'import')
,(505455668,'A00124',2016,12,170714.3,'import')
,(505455668,'A00125',2016,12,1.890810652E7,'import')
;
INSERT INTO public.statements (vat_number,account,"year","month",value,input_method) VALUES 
(505455668,'A00126',2016,12,2.031157937E7,'import')
,(505455668,'A00127',2016,12,-3400000.0,'import')
,(505455668,'A00128',2016,12,0.0,'import')
,(505455668,'A00129',2016,12,-4100000.0,'import')
,(505455668,'A00130',2016,12,0.0,'import')
,(505455668,'A00131',2016,12,-6546.1,'import')
,(505455668,'A00132',2016,12,-2322775.61,'import')
,(505455668,'A00133',2016,12,5774241.87,'import')
,(505455668,'A00134',2016,12,0.0,'import')
,(505455668,'A00135',2016,12,0.0,'import')
;
INSERT INTO public.statements (vat_number,account,"year","month",value,input_method) VALUES 
(505455668,'A00136',2016,12,-4055079.84,'import')
,(505455668,'A00138',2016,12,0.0,'import')
,(505455668,'A00139',2016,12,-4515275.1,'import')
,(505455668,'A00140',2016,12,0.0,'import')
,(505455668,'A00141',2016,12,0.0,'import')
,(505455668,'A00142',2016,12,0.0,'import')
,(505455668,'A00143',2016,12,0.0,'import')
,(505455668,'A00144',2016,12,0.0,'import')
,(505455668,'A00145',2016,12,0.0,'import')
,(505455668,'A00146',2016,12,-1.248743544E7,'import')
;
INSERT INTO public.statements (vat_number,account,"year","month",value,input_method) VALUES 
(505455668,'A00147',2016,12,-266413.79,'import')
,(505455668,'A90002',2016,12,-66626.44,'import')
,(505455668,'A00149',2016,12,-790500.0,'import')
,(505455668,'A00150',2016,12,-1632216.49,'import')
,(505455668,'A00152',2016,12,0.0,'import')
,(505455668,'A00153',2016,12,0.0,'import')
,(505455668,'A00154',2016,12,0.0,'import')
,(505455668,'A00155',2016,12,0.0,'import')
,(505455668,'A00156',2016,12,-1.579630427E7,'import')
,(505455668,'A00157',2016,12,-1.579630427E7,'import')
;
INSERT INTO public.statements (vat_number,account,"year","month",value,input_method) VALUES 
(505455668,'A00158',2016,12,-2.031157937E7,'import')
,(505455668,'A00001',2016,12,-8.011420991E7,'import')
,(505455668,'A00002',2016,12,0.0,'import')
,(505455668,'A00003',2016,12,0.0,'import')
,(505455668,'A00004',2016,12,4956.86,'import')
,(505455668,'A00005',2016,12,-555730.54,'import')
,(505455668,'A00006',2016,12,7.055091327E7,'import')
,(505455668,'A00007',2016,12,4157651.51,'import')
,(505455668,'A00008',2016,12,5121468.45,'import')
,(505455668,'A00010',2016,12,112304.85,'import')
;
INSERT INTO public.statements (vat_number,account,"year","month",value,input_method) VALUES 
(505455668,'A00011',2016,12,-34929.01,'import')
,(505455668,'A00012',2016,12,0.0,'import')
,(505455668,'A00013',2016,12,0.0,'import')
,(505455668,'A00014',2016,12,0.0,'import')
,(505455668,'A00015',2016,12,0.0,'import')
,(505455668,'A00016',2016,12,-781250.3,'import')
,(505455668,'A00017',2016,12,637524.26,'import')
,(505455668,'A00018',2016,12,-901300.56,'import')
,(505455668,'A00019',2016,12,133213.4,'import')
,(505455668,'A00020',2016,12,0.0,'import')
;
INSERT INTO public.statements (vat_number,account,"year","month",value,input_method) VALUES 
(505455668,'A00021',2016,12,-768087.16,'import')
,(505455668,'A00022',2016,12,-6068.42,'import')
,(505455668,'A00023',2016,12,135123.77,'import')
,(505455668,'A00024',2016,12,-639031.81,'import')
,(505455668,'A00137',2016,12,-460195.26,'import')
,(505455668,'A00027',2016,12,0.0,'import')
,(505455668,'A00101',2014,12,345654.81,'import')
,(505455668,'A00102',2014,12,0.0,'import')
,(505455668,'A00103',2014,12,0.0,'import')
,(505455668,'A00104',2014,12,3535.19,'import')
;
INSERT INTO public.statements (vat_number,account,"year","month",value,input_method) VALUES 
(505455668,'A00105',2014,12,0.0,'import')
,(505455668,'A00106',2014,12,0.0,'import')
,(505455668,'A00107',2014,12,0.0,'import')
,(505455668,'A00108',2014,12,0.0,'import')
,(505455668,'A00111',2014,12,0.0,'import')
,(505455668,'A00109',2014,12,55302.17,'import')
,(505455668,'A00110',2014,12,0.0,'import')
,(505455668,'A00112',2014,12,404492.17,'import')
,(505455668,'A00113',2014,12,5020291.65,'import')
,(505455668,'A00114',2014,12,0.0,'import')
;
INSERT INTO public.statements (vat_number,account,"year","month",value,input_method) VALUES 
(505455668,'A00115',2014,12,3065797.12,'import')
,(505455668,'A90001',2014,12,837.22,'import')
,(505455668,'A00148',2016,12,-134646.83,'import')
,(505455668,'A00151',2016,12,-418465.28,'import')
,(505455668,'A00025',2016,12,178836.55,'import')
,(505455668,'A00116',2014,12,153291.73,'import')
,(505455668,'A00117',2014,12,0.0,'import')
,(505455668,'A00118',2014,12,3061739.34,'import')
,(505455668,'A00119',2014,12,116089.38,'import')
,(505455668,'A00120',2014,12,0.0,'import')
;
INSERT INTO public.statements (vat_number,account,"year","month",value,input_method) VALUES 
(505455668,'A00121',2014,12,0.0,'import')
,(505455668,'A00122',2014,12,0.0,'import')
,(505455668,'A00123',2014,12,0.0,'import')
,(505455668,'A00124',2014,12,133805.62,'import')
,(505455668,'A00125',2014,12,1.155185206E7,'import')
,(505455668,'A00126',2014,12,1.195634423E7,'import')
,(505455668,'A00127',2014,12,-3400000.0,'import')
,(505455668,'A00128',2014,12,0.0,'import')
,(505455668,'A00129',2014,12,-4100000.0,'import')
,(505455668,'A00130',2014,12,0.0,'import')
;
INSERT INTO public.statements (vat_number,account,"year","month",value,input_method) VALUES 
(505455668,'A00131',2014,12,0.0,'import')
,(505455668,'A00132',2014,12,-1908409.25,'import')
,(505455668,'A00133',2014,12,5563117.84,'import')
,(505455668,'A00134',2014,12,0.0,'import')
,(505455668,'A00135',2014,12,0.0,'import')
,(505455668,'A00136',2014,12,-3845291.41,'import')
,(505455668,'A00138',2014,12,0.0,'import')
,(505455668,'A00139',2014,12,-3607982.99,'import')
,(505455668,'A00140',2014,12,0.0,'import')
,(505455668,'A00141',2014,12,0.0,'import')
;
INSERT INTO public.statements (vat_number,account,"year","month",value,input_method) VALUES 
(505455668,'A00142',2014,12,0.0,'import')
,(505455668,'A00143',2014,12,0.0,'import')
,(505455668,'A00144',2014,12,0.0,'import')
,(505455668,'A00145',2014,12,0.0,'import')
,(505455668,'A00146',2014,12,-6822907.25,'import')
,(505455668,'A00147',2014,12,-194686.02,'import')
,(505455668,'A90002',2014,12,0.0,'import')
,(505455668,'A00149',2014,12,0.0,'import')
,(505455668,'A00150',2014,12,-897446.88,'import')
,(505455668,'A00152',2014,12,0.0,'import')
;
INSERT INTO public.statements (vat_number,account,"year","month",value,input_method) VALUES 
(505455668,'A00153',2014,12,0.0,'import')
,(505455668,'A00154',2014,12,0.0,'import')
,(505455668,'A00155',2014,12,0.0,'import')
,(505455668,'A00156',2014,12,-8348361.24,'import')
,(505455668,'A00157',2014,12,-8348361.24,'import')
,(505455668,'A00158',2014,12,-1.195634423E7,'import')
,(505455668,'A00001',2014,12,-4.472209796E7,'import')
,(505455668,'A00002',2014,12,0.0,'import')
,(505455668,'A00003',2014,12,0.0,'import')
,(505455668,'A00004',2014,12,16022.08,'import')
;
INSERT INTO public.statements (vat_number,account,"year","month",value,input_method) VALUES 
(505455668,'A00005',2014,12,-430276.32,'import')
,(505455668,'A00006',2014,12,3.822534474E7,'import')
,(505455668,'A00007',2014,12,3284966.9,'import')
,(505455668,'A00008',2014,12,3855912.08,'import')
,(505455668,'A00010',2014,12,125772.87,'import')
,(505455668,'A00011',2014,12,-8736.69,'import')
,(505455668,'A00012',2014,12,0.0,'import')
,(505455668,'A00013',2014,12,0.0,'import')
,(505455668,'A00014',2014,12,0.0,'import')
,(505455668,'A00015',2014,12,0.0,'import')
;
INSERT INTO public.statements (vat_number,account,"year","month",value,input_method) VALUES 
(505455668,'A00016',2014,12,-676187.14,'import')
,(505455668,'A00017',2014,12,465348.96,'import')
,(505455668,'A00018',2014,12,136069.52,'import')
,(505455668,'A00019',2014,12,97561.17,'import')
,(505455668,'A00020',2014,12,0.0,'import')
,(505455668,'A00021',2014,12,233630.69,'import')
,(505455668,'A00022',2014,12,-27677.76,'import')
,(505455668,'A00023',2014,12,2315.11,'import')
,(505455668,'A00024',2014,12,208268.04,'import')
,(505455668,'A00137',2014,12,237308.42,'import')
;
INSERT INTO public.statements (vat_number,account,"year","month",value,input_method) VALUES 
(505455668,'A00027',2014,12,0.0,'import')
,(505455668,'A00101',2013,12,433471.28,'import')
,(505455668,'A00102',2013,12,0.0,'import')
,(505455668,'A00103',2013,12,0.0,'import')
,(505455668,'A00104',2013,12,14140.7,'import')
,(505455668,'A00105',2013,12,0.0,'import')
,(505455668,'A00106',2013,12,0.0,'import')
,(505455668,'A00107',2013,12,0.0,'import')
,(505455668,'A00108',2013,12,0.0,'import')
,(505455668,'A00111',2013,12,0.0,'import')
;
INSERT INTO public.statements (vat_number,account,"year","month",value,input_method) VALUES 
(505455668,'A00109',2013,12,68281.93,'import')
,(505455668,'A00110',2013,12,0.0,'import')
,(505455668,'A00112',2013,12,515893.91,'import')
,(505455668,'A00113',2013,12,6884305.07,'import')
,(505455668,'A00114',2013,12,0.0,'import')
,(505455668,'A00115',2013,12,2766291.14,'import')
,(505455668,'A90001',2013,12,1639.52,'import')
,(505455668,'A00116',2013,12,410860.45,'import')
,(505455668,'A00117',2013,12,40632.84,'import')
,(505455668,'A00118',2013,12,552787.04,'import')
;
INSERT INTO public.statements (vat_number,account,"year","month",value,input_method) VALUES 
(505455668,'A00119',2013,12,132184.93,'import')
,(505455668,'A00120',2013,12,0.0,'import')
,(505455668,'A00121',2013,12,0.0,'import')
,(505455668,'A00122',2013,12,0.0,'import')
,(505455668,'A00123',2013,12,0.0,'import')
,(505455668,'A00124',2013,12,2212406.69,'import')
,(505455668,'A00125',2013,12,1.300110768E7,'import')
,(505455668,'A00126',2013,12,1.351700159E7,'import')
,(505455668,'A00127',2013,12,-3400000.0,'import')
,(505455668,'A00128',2013,12,0.0,'import')
;
INSERT INTO public.statements (vat_number,account,"year","month",value,input_method) VALUES 
(505455668,'A00129',2013,12,-4100000.0,'import')
,(505455668,'A00130',2013,12,0.0,'import')
,(505455668,'A00131',2013,12,0.0,'import')
,(505455668,'A00132',2013,12,-1908409.25,'import')
,(505455668,'A00133',2013,12,5285237.45,'import')
,(505455668,'A00134',2013,12,0.0,'import')
,(505455668,'A00135',2013,12,0.0,'import')
,(505455668,'A00136',2013,12,-4123171.8,'import')
,(505455668,'A00137',2013,12,277880.39,'import')
,(505455668,'A00138',2013,12,0.0,'import')
;
INSERT INTO public.statements (vat_number,account,"year","month",value,input_method) VALUES 
(505455668,'A00139',2013,12,-3845291.41,'import')
,(505455668,'A00140',2013,12,-698.76,'import')
,(505455668,'A00141',2013,12,0.0,'import')
,(505455668,'A00142',2013,12,0.0,'import')
,(505455668,'A00143',2013,12,0.0,'import')
,(505455668,'A00144',2013,12,0.0,'import')
,(505455668,'A00145',2013,12,-698.76,'import')
,(505455668,'A00146',2013,12,-8356238.16,'import')
,(505455668,'A00147',2013,12,-163107.56,'import')
,(505455668,'A90002',2013,12,0.0,'import')
;
INSERT INTO public.statements (vat_number,account,"year","month",value,input_method) VALUES 
(505455668,'A00148',2014,12,-270437.84,'import')
,(505455668,'A00148',2013,12,-106438.51,'import')
,(505455668,'A00025',2014,12,29040.38,'import')
,(505455668,'A00149',2013,12,0.0,'import')
,(505455668,'A00150',2013,12,-827147.16,'import')
,(505455668,'A00152',2013,12,0.0,'import')
,(505455668,'A00153',2013,12,0.0,'import')
,(505455668,'A00154',2013,12,0.0,'import')
,(505455668,'A00155',2013,12,0.0,'import')
,(505455668,'A00156',2013,12,-9671011.42,'import')
;
INSERT INTO public.statements (vat_number,account,"year","month",value,input_method) VALUES 
(505455668,'A00157',2013,12,-9671710.18,'import')
,(505455668,'A00158',2013,12,-1.351700159E7,'import')
,(505455668,'A00001',2013,12,-4.034437565E7,'import')
,(505455668,'A00002',2013,12,0.0,'import')
,(505455668,'A00003',2013,12,0.0,'import')
,(505455668,'A00004',2013,12,-23264.35,'import')
,(505455668,'A00005',2013,12,-423520.2,'import')
,(505455668,'A00006',2013,12,3.396144491E7,'import')
,(505455668,'A00007',2013,12,3421977.09,'import')
,(505455668,'A00008',2013,12,3655053.52,'import')
;
INSERT INTO public.statements (vat_number,account,"year","month",value,input_method) VALUES 
(505455668,'A00010',2013,12,128573.87,'import')
,(505455668,'A00011',2013,12,16465.21,'import')
,(505455668,'A00012',2013,12,-614.4,'import')
,(505455668,'A00013',2013,12,0.0,'import')
,(505455668,'A00014',2013,12,0.0,'import')
,(505455668,'A00015',2013,12,0.0,'import')
,(505455668,'A00016',2013,12,-620397.4,'import')
,(505455668,'A00017',2013,12,415355.34,'import')
,(505455668,'A00018',2013,12,186697.94,'import')
,(505455668,'A00019',2013,12,105090.75,'import')
;
INSERT INTO public.statements (vat_number,account,"year","month",value,input_method) VALUES 
(505455668,'A00020',2013,12,0.0,'import')
,(505455668,'A00021',2013,12,291788.69,'import')
,(505455668,'A00022',2013,12,0.0,'import')
,(505455668,'A00023',2013,12,20062.46,'import')
,(505455668,'A00024',2013,12,311851.15,'import')
,(505455668,'A00027',2013,12,0.0,'import')
,(505455668,'A00101',2012,12,517192.18,'import')
,(505455668,'A00102',2012,12,0.0,'import')
,(505455668,'A00103',2012,12,0.0,'import')
,(505455668,'A00104',2012,12,24746.28,'import')
;
INSERT INTO public.statements (vat_number,account,"year","month",value,input_method) VALUES 
(505455668,'A00105',2012,12,0.0,'import')
,(505455668,'A00106',2012,12,0.0,'import')
,(505455668,'A00107',2012,12,0.0,'import')
,(505455668,'A00108',2012,12,0.0,'import')
,(505455668,'A00111',2012,12,0.0,'import')
,(505455668,'A00109',2012,12,74944.01,'import')
,(505455668,'A00110',2012,12,0.0,'import')
,(505455668,'A00112',2012,12,616882.47,'import')
,(505455668,'A00113',2012,12,7168468.73,'import')
,(505455668,'A00114',2012,12,0.0,'import')
;
INSERT INTO public.statements (vat_number,account,"year","month",value,input_method) VALUES 
(505455668,'A00115',2012,12,3063214.35,'import')
,(505455668,'A90001',2012,12,1598.2,'import')
,(505455668,'A00116',2012,12,192605.3,'import')
,(505455668,'A00117',2012,12,291913.17,'import')
,(505455668,'A00118',2012,12,532160.41,'import')
,(505455668,'A00119',2012,12,79583.47,'import')
,(505455668,'A00120',2012,12,0.0,'import')
,(505455668,'A00121',2012,12,0.0,'import')
,(505455668,'A00122',2012,12,0.0,'import')
,(505455668,'A00123',2012,12,0.0,'import')
;
INSERT INTO public.statements (vat_number,account,"year","month",value,input_method) VALUES 
(505455668,'A00124',2012,12,560245.94,'import')
,(505455668,'A00125',2012,12,1.188978957E7,'import')
,(505455668,'A00126',2012,12,1.250667204E7,'import')
,(505455668,'A00127',2012,12,-3400000.0,'import')
,(505455668,'A00128',2012,12,0.0,'import')
,(505455668,'A00129',2012,12,-4100000.0,'import')
,(505455668,'A00130',2012,12,0.0,'import')
,(505455668,'A00131',2012,12,0.0,'import')
,(505455668,'A00132',2012,12,-1908409.25,'import')
,(505455668,'A00133',2012,12,4037291.82,'import')
;
INSERT INTO public.statements (vat_number,account,"year","month",value,input_method) VALUES 
(505455668,'A00134',2012,12,0.0,'import')
,(505455668,'A00135',2012,12,0.0,'import')
,(505455668,'A00136',2012,12,-5371117.43,'import')
,(505455668,'A00138',2012,12,0.0,'import')
,(505455668,'A00139',2012,12,-4123171.8,'import')
,(505455668,'A00140',2012,12,-43224.76,'import')
,(505455668,'A00141',2012,12,0.0,'import')
,(505455668,'A00142',2012,12,0.0,'import')
,(505455668,'A00143',2012,12,0.0,'import')
,(505455668,'A00144',2012,12,0.0,'import')
;
INSERT INTO public.statements (vat_number,account,"year","month",value,input_method) VALUES 
(505455668,'A00145',2012,12,-43224.76,'import')
,(505455668,'A00146',2012,12,-7278451.43,'import')
,(505455668,'A00147',2012,12,-73693.38,'import')
,(505455668,'A90002',2012,12,0.0,'import')
,(505455668,'A00149',2012,12,0.0,'import')
,(505455668,'A00150',2012,12,-815142.07,'import')
,(505455668,'A00152',2012,12,0.0,'import')
,(505455668,'A00153',2012,12,0.0,'import')
,(505455668,'A00154',2012,12,0.0,'import')
,(505455668,'A00155',2012,12,0.0,'import')
;
INSERT INTO public.statements (vat_number,account,"year","month",value,input_method) VALUES 
(505455668,'A00156',2012,12,-8340275.48,'import')
,(505455668,'A00157',2012,12,-8383500.24,'import')
,(505455668,'A00158',2012,12,-1.250667204E7,'import')
,(505455668,'A00001',2012,12,-3.761545491E7,'import')
,(505455668,'A00002',2012,12,0.0,'import')
,(505455668,'A00003',2012,12,0.0,'import')
,(505455668,'A00004',2012,12,-8241.36,'import')
,(505455668,'A00005',2012,12,-475952.32,'import')
,(505455668,'A00006',2012,12,3.135054351E7,'import')
,(505455668,'A00007',2012,12,3844359.87,'import')
;
INSERT INTO public.statements (vat_number,account,"year","month",value,input_method) VALUES 
(505455668,'A00008',2012,12,3923923.09,'import')
,(505455668,'A00010',2012,12,382739.16,'import')
,(505455668,'A00011',2012,12,-14588.66,'import')
,(505455668,'A00012',2012,12,32498.88,'import')
,(505455668,'A00013',2012,12,0.0,'import')
,(505455668,'A00014',2012,12,0.0,'import')
,(505455668,'A00015',2012,12,0.0,'import')
,(505455668,'A00016',2012,12,-608854.02,'import')
,(505455668,'A00017',2012,12,494072.16,'import')
,(505455668,'A00018',2012,12,1305045.4,'import')
;
INSERT INTO public.statements (vat_number,account,"year","month",value,input_method) VALUES 
(505455668,'A00019',2012,12,131079.45,'import')
,(505455668,'A00020',2012,12,0.0,'import')
,(505455668,'A00021',2012,12,1436124.85,'import')
,(505455668,'A00022',2012,12,0.0,'import')
,(505455668,'A00023',2012,12,60827.46,'import')
,(505455668,'A00024',2012,12,1496952.31,'import')
,(505455668,'A00148',2012,12,-104817.81,'import')
,(505455668,'A00151',2013,12,-218080.03,'import')
,(505455668,'A00151',2012,12,-68170.79,'import')
,(505455668,'A00025',2013,12,-33970.76,'import')
;
INSERT INTO public.statements (vat_number,account,"year","month",value,input_method) VALUES 
(505455668,'A00025',2012,12,-249006.68,'import')
,(505455668,'A00137',2012,12,1247945.63,'import')
,(505455668,'A00027',2012,12,0.0,'import')
,(505455668,'A00101',2011,12,373924.03,'import')
,(505455668,'A00102',2011,12,0.0,'import')
,(505455668,'A00103',2011,12,0.0,'import')
,(505455668,'A00104',2011,12,0.0,'import')
,(505455668,'A00105',2011,12,0.0,'import')
,(505455668,'A00106',2011,12,0.0,'import')
,(505455668,'A00107',2011,12,0.0,'import')
;
INSERT INTO public.statements (vat_number,account,"year","month",value,input_method) VALUES 
(505455668,'A00108',2011,12,0.0,'import')
,(505455668,'A00111',2011,12,0.0,'import')
,(505455668,'A00109',2011,12,484911.59,'import')
,(505455668,'A00110',2011,12,0.0,'import')
,(505455668,'A00112',2011,12,858835.62,'import')
,(505455668,'A00113',2011,12,8671229.78,'import')
,(505455668,'A00114',2011,12,0.0,'import')
,(505455668,'A00115',2011,12,4616271.77,'import')
,(505455668,'A90001',2011,12,560.31,'import')
,(505455668,'A00116',2011,12,331801.95,'import')
;
INSERT INTO public.statements (vat_number,account,"year","month",value,input_method) VALUES 
(505455668,'A00117',2011,12,0.0,'import')
,(505455668,'A00118',2011,12,904675.0,'import')
,(505455668,'A00119',2011,12,100591.23,'import')
,(505455668,'A00120',2011,12,0.0,'import')
,(505455668,'A00121',2011,12,0.0,'import')
,(505455668,'A00122',2011,12,0.0,'import')
,(505455668,'A00123',2011,12,0.0,'import')
,(505455668,'A00124',2011,12,320520.48,'import')
,(505455668,'A00125',2011,12,1.494565052E7,'import')
,(505455668,'A00126',2011,12,1.580448614E7,'import')
;
INSERT INTO public.statements (vat_number,account,"year","month",value,input_method) VALUES 
(505455668,'A00127',2011,12,-1.013E7,'import')
,(505455668,'A00128',2011,12,0.0,'import')
,(505455668,'A00129',2011,12,-4100000.0,'import')
,(505455668,'A00130',2011,12,0.0,'import')
,(505455668,'A00131',2011,12,0.0,'import')
,(505455668,'A00132',2011,12,-1908409.25,'import')
,(505455668,'A00133',2011,12,8944493.68,'import')
,(505455668,'A00134',2011,12,0.0,'import')
,(505455668,'A00135',2011,12,0.0,'import')
,(505455668,'A00136',2011,12,-7193915.57,'import')
;
INSERT INTO public.statements (vat_number,account,"year","month",value,input_method) VALUES 
(505455668,'A00137',2011,12,1822798.14,'import')
,(505455668,'A00138',2011,12,0.0,'import')
,(505455668,'A00139',2011,12,-5371117.43,'import')
,(505455668,'A00140',2011,12,-42379.8,'import')
,(505455668,'A00141',2011,12,-1750000.0,'import')
,(505455668,'A00142',2011,12,0.0,'import')
,(505455668,'A00143',2011,12,0.0,'import')
,(505455668,'A00144',2011,12,0.0,'import')
,(505455668,'A00145',2011,12,-1792379.8,'import')
,(505455668,'A00146',2011,12,-6273686.0,'import')
;
INSERT INTO public.statements (vat_number,account,"year","month",value,input_method) VALUES 
(505455668,'A00147',2011,12,-71839.18,'import')
,(505455668,'A90002',2011,12,-9807.91,'import')
,(505455668,'A00149',2011,12,-250000.0,'import')
,(505455668,'A00150',2011,12,-1257993.0,'import')
,(505455668,'A00152',2011,12,0.0,'import')
,(505455668,'A00153',2011,12,0.0,'import')
,(505455668,'A00154',2011,12,0.0,'import')
,(505455668,'A00155',2011,12,0.0,'import')
,(505455668,'A00156',2011,12,-8640988.91,'import')
,(505455668,'A00157',2011,12,-1.043336871E7,'import')
;
INSERT INTO public.statements (vat_number,account,"year","month",value,input_method) VALUES 
(505455668,'A00158',2011,12,-1.580448614E7,'import')
,(505455668,'A00001',2011,12,-4.459084734E7,'import')
,(505455668,'A00002',2011,12,0.0,'import')
,(505455668,'A00003',2011,12,491423.34,'import')
,(505455668,'A00004',2011,12,-20880.29,'import')
,(505455668,'A00005',2011,12,-484950.1,'import')
,(505455668,'A00006',2011,12,3.766549829E7,'import')
,(505455668,'A00007',2011,12,3771794.07,'import')
,(505455668,'A00008',2011,12,4825861.95,'import')
,(505455668,'A00010',2011,12,286272.08,'import')
;
INSERT INTO public.statements (vat_number,account,"year","month",value,input_method) VALUES 
(505455668,'A00011',2011,12,-10872.64,'import')
,(505455668,'A00012',2011,12,0.0,'import')
,(505455668,'A00013',2011,12,0.0,'import')
,(505455668,'A00014',2011,12,0.0,'import')
,(505455668,'A00015',2011,12,0.0,'import')
,(505455668,'A00016',2011,12,-519236.3,'import')
,(505455668,'A00017',2011,12,411326.11,'import')
,(505455668,'A00018',2011,12,1825389.17,'import')
,(505455668,'A00019',2011,12,120069.13,'import')
,(505455668,'A00020',2011,12,0.0,'import')
;
INSERT INTO public.statements (vat_number,account,"year","month",value,input_method) VALUES 
(505455668,'A00021',2011,12,1945458.3,'import')
,(505455668,'A00022',2011,12,0.0,'import')
,(505455668,'A00023',2011,12,167605.95,'import')
,(505455668,'A00024',2011,12,2113064.25,'import')
,(505455668,'A00027',2011,12,0.0,'import')
,(505455668,'A00101',2010,12,304997.07,'import')
,(505455668,'A00102',2010,12,0.0,'import')
,(505455668,'A00103',2010,12,0.0,'import')
,(505455668,'A00104',2010,12,0.0,'import')
,(505455668,'A00105',2010,12,0.0,'import')
;
INSERT INTO public.statements (vat_number,account,"year","month",value,input_method) VALUES 
(505455668,'A00106',2010,12,168967.94,'import')
,(505455668,'A00107',2010,12,0.0,'import')
,(505455668,'A00108',2010,12,0.0,'import')
,(505455668,'A00111',2010,12,0.0,'import')
,(505455668,'A00109',2010,12,240715.9,'import')
,(505455668,'A00110',2010,12,0.0,'import')
,(505455668,'A00112',2010,12,714680.91,'import')
,(505455668,'A00113',2010,12,7544380.28,'import')
,(505455668,'A00114',2010,12,0.0,'import')
,(505455668,'A00115',2010,12,6228185.0,'import')
;
INSERT INTO public.statements (vat_number,account,"year","month",value,input_method) VALUES 
(505455668,'A90001',2010,12,0.0,'import')
,(505455668,'A00116',2010,12,550786.67,'import')
,(505455668,'A00117',2010,12,536105.29,'import')
,(505455668,'A00118',2010,12,997930.83,'import')
,(505455668,'A00119',2010,12,68489.13,'import')
,(505455668,'A00120',2010,12,0.0,'import')
,(505455668,'A00121',2010,12,0.0,'import')
,(505455668,'A00122',2010,12,0.0,'import')
,(505455668,'A00123',2010,12,0.0,'import')
,(505455668,'A00124',2010,12,497985.89,'import')
;
INSERT INTO public.statements (vat_number,account,"year","month",value,input_method) VALUES 
(505455668,'A00125',2010,12,1.642386309E7,'import')
,(505455668,'A00126',2010,12,1.7138544E7,'import')
,(505455668,'A00127',2010,12,-1.0125E7,'import')
,(505455668,'A00128',2010,12,0.0,'import')
,(505455668,'A00129',2010,12,-3600000.0,'import')
,(505455668,'A00130',2010,12,0.0,'import')
,(505455668,'A00131',2010,12,0.0,'import')
,(505455668,'A00148',2011,12,-323845.28,'import')
,(505455668,'A00151',2011,12,-453817.54,'import')
,(505455668,'A00132',2010,12,240813.64,'import')
;
INSERT INTO public.statements (vat_number,account,"year","month",value,input_method) VALUES 
(505455668,'A00133',2010,12,8254587.65,'import')
,(505455668,'A00134',2010,12,0.0,'import')
,(505455668,'A00135',2010,12,0.0,'import')
,(505455668,'A00136',2010,12,-5229598.71,'import')
,(505455668,'A00137',2010,12,689906.03,'import')
,(505455668,'A00138',2010,12,0.0,'import')
,(505455668,'A00139',2010,12,-4539692.68,'import')
,(505455668,'A00140',2010,12,-9110.57,'import')
,(505455668,'A00141',2010,12,0.0,'import')
,(505455668,'A00142',2010,12,0.0,'import')
;
INSERT INTO public.statements (vat_number,account,"year","month",value,input_method) VALUES 
(505455668,'A00143',2010,12,0.0,'import')
,(505455668,'A00144',2010,12,0.0,'import')
,(505455668,'A00145',2010,12,-9110.57,'import')
,(505455668,'A00146',2010,12,-5964843.61,'import')
,(505455668,'A00147',2010,12,-116671.37,'import')
,(505455668,'A90002',2010,12,0.0,'import')
,(505455668,'A00149',2010,12,-4682000.0,'import')
,(505455668,'A00150',2010,12,-1091414.04,'import')
,(505455668,'A00152',2010,12,0.0,'import')
,(505455668,'A00153',2010,12,0.0,'import')
;
INSERT INTO public.statements (vat_number,account,"year","month",value,input_method) VALUES 
(505455668,'A00154',2010,12,0.0,'import')
,(505455668,'A00155',2010,12,0.0,'import')
,(505455668,'A00156',2010,12,-1.258974075E7,'import')
,(505455668,'A00157',2010,12,-1.259885132E7,'import')
,(505455668,'A00158',2010,12,-1.7138544E7,'import')
,(505455668,'A00001',2010,12,-5.483104916E7,'import')
,(505455668,'A00002',2010,12,0.0,'import')
,(505455668,'A00003',2010,12,254529.9,'import')
,(505455668,'A00004',2010,12,64647.78,'import')
,(505455668,'A00005',2010,12,-522355.38,'import')
;
INSERT INTO public.statements (vat_number,account,"year","month",value,input_method) VALUES 
(505455668,'A00006',2010,12,4.769787636E7,'import')
,(505455668,'A00007',2010,12,3446254.62,'import')
,(505455668,'A00008',2010,12,4429805.93,'import')
,(505455668,'A00010',2010,12,143084.39,'import')
,(505455668,'A00011',2010,12,104.52,'import')
,(505455668,'A00012',2010,12,0.0,'import')
,(505455668,'A00013',2010,12,0.0,'import')
,(505455668,'A00014',2010,12,0.0,'import')
,(505455668,'A00015',2010,12,0.0,'import')
,(505455668,'A00016',2010,12,-800958.79,'import')
;
INSERT INTO public.statements (vat_number,account,"year","month",value,input_method) VALUES 
(505455668,'A00017',2010,12,514243.58,'import')
,(505455668,'A00018',2010,12,396183.75,'import')
,(505455668,'A00019',2010,12,140088.02,'import')
,(505455668,'A00020',2010,12,0.0,'import')
,(505455668,'A00021',2010,12,536271.77,'import')
,(505455668,'A00022',2010,12,0.0,'import')
,(505455668,'A00023',2010,12,174628.02,'import')
,(505455668,'A00024',2010,12,710899.79,'import')
,(505455668,'A00027',2010,12,0.0,'import')
,(513259236,'A00101',2018,12,168041.71,'import')
;
INSERT INTO public.statements (vat_number,account,"year","month",value,input_method) VALUES 
(513259236,'A00102',2018,12,0.0,'import')
,(513259236,'A00103',2018,12,4186332.0,'import')
,(513259236,'A00104',2018,12,8759152.68,'import')
,(513259236,'A00105',2018,12,0.0,'import')
,(513259236,'A00106',2018,12,0.0,'import')
,(513259236,'A00107',2018,12,7066.3,'import')
,(513259236,'A00108',2018,12,0.0,'import')
,(513259236,'A00111',2018,12,0.0,'import')
,(513259236,'A00109',2018,12,25536.57,'import')
,(513259236,'A00110',2018,12,0.0,'import')
;
INSERT INTO public.statements (vat_number,account,"year","month",value,input_method) VALUES 
(513259236,'A00112',2018,12,1.314612926E7,'import')
,(513259236,'A00113',2018,12,1.370220723E7,'import')
,(513259236,'A00114',2018,12,0.0,'import')
,(513259236,'A00115',2018,12,6827842.82,'import')
,(513259236,'A90001',2018,12,1167.72,'import')
,(513259236,'A00116',2018,12,9734.78,'import')
,(513259236,'A00117',2018,12,0.0,'import')
,(513259236,'A00118',2018,12,1.154912393E7,'import')
,(513259236,'A00119',2018,12,139723.97,'import')
,(513259236,'A00120',2018,12,0.0,'import')
;
INSERT INTO public.statements (vat_number,account,"year","month",value,input_method) VALUES 
(513259236,'A00121',2018,12,0.0,'import')
,(513259236,'A00122',2018,12,0.0,'import')
,(513259236,'A00123',2018,12,0.0,'import')
,(513259236,'A00124',2018,12,19926.73,'import')
,(513259236,'A00125',2018,12,3.224972718E7,'import')
,(513259236,'A00126',2018,12,4.539585644E7,'import')
,(513259236,'A00128',2018,12,0.0,'import')
,(513259236,'A00129',2018,12,0.0,'import')
,(513259236,'A00130',2018,12,0.0,'import')
,(513259236,'A00133',2018,12,0.0,'import')
;
INSERT INTO public.statements (vat_number,account,"year","month",value,input_method) VALUES 
(513259236,'A00134',2018,12,0.0,'import')
,(513259236,'A00135',2018,12,0.0,'import')
,(513259236,'A00138',2018,12,0.0,'import')
,(513259236,'A00140',2018,12,-96290.63,'import')
,(513259236,'A00141',2018,12,0.0,'import')
,(513259236,'A00142',2018,12,0.0,'import')
,(513259236,'A00143',2018,12,0.0,'import')
,(513259236,'A00144',2018,12,-7588003.99,'import')
,(513259236,'A00145',2018,12,-7684294.62,'import')
,(513259236,'A00146',2018,12,-1.714801547E7,'import')
;
INSERT INTO public.statements (vat_number,account,"year","month",value,input_method) VALUES 
(513259236,'A00147',2018,12,-19446.1,'import')
,(513259236,'A00148',2018,12,0.0,'import')
,(513259236,'A00149',2018,12,-1799597.81,'import')
,(513259236,'A00150',2018,12,-8514619.76,'import')
,(513259236,'A00151',2018,12,-3310392.43,'import')
,(513259236,'A00152',2018,12,0.0,'import')
,(513259236,'A00153',2018,12,0.0,'import')
,(513259236,'A00154',2018,12,0.0,'import')
,(513259236,'A00155',2018,12,0.0,'import')
,(513259236,'A00156',2018,12,-3.079207157E7,'import')
;
INSERT INTO public.statements (vat_number,account,"year","month",value,input_method) VALUES 
(513259236,'A00157',2018,12,-3.847636619E7,'import')
,(513259236,'A00158',2018,12,-4.539585644E7,'import')
,(513259236,'A00001',2018,12,-7.040699503E7,'import')
,(513259236,'A00002',2018,12,0.0,'import')
,(513259236,'A00003',2018,12,0.0,'import')
,(513259236,'A00004',2018,12,-6007.47,'import')
,(513259236,'A00005',2018,12,-2023470.05,'import')
,(513259236,'A00006',2018,12,6.065596068E7,'import')
,(513259236,'A00007',2018,12,7211803.39,'import')
,(505455668,'A00148',2010,12,-124140.83,'import')
;
INSERT INTO public.statements (vat_number,account,"year","month",value,input_method) VALUES 
(505455668,'A00151',2010,12,-610670.9,'import')
,(513259236,'A00131',2018,12,-167881.81,'import')
,(513259236,'A00132',2018,12,-2398142.51,'import')
,(513259236,'A00136',2018,12,-6566024.32,'import')
,(513259236,'A00137',2018,12,-353465.93,'import')
,(513259236,'A00139',2018,12,-6919490.25,'import')
,(505455668,'A00025',2010,12,-20993.76,'import')
,(513259236,'A00008',2018,12,3549190.9,'import')
,(513259236,'A00010',2018,12,-9521.88,'import')
,(513259236,'A00011',2018,12,55335.54,'import')
;
INSERT INTO public.statements (vat_number,account,"year","month",value,input_method) VALUES 
(513259236,'A00012',2018,12,47912.24,'import')
,(513259236,'A00013',2018,12,0.0,'import')
,(513259236,'A00014',2018,12,0.0,'import')
,(513259236,'A00015',2018,12,0.0,'import')
,(513259236,'A00016',2018,12,-684843.13,'import')
,(513259236,'A00017',2018,12,158650.72,'import')
,(513259236,'A00018',2018,12,-1451984.09,'import')
,(513259236,'A00019',2018,12,790862.84,'import')
,(513259236,'A00020',2018,12,0.0,'import')
,(513259236,'A00021',2018,12,-661121.25,'import')
;
INSERT INTO public.statements (vat_number,account,"year","month",value,input_method) VALUES 
(513259236,'A00022',2018,12,-192086.37,'import')
,(513259236,'A00023',2018,12,507345.48,'import')
,(513259236,'A00024',2018,12,-345862.14,'import')
,(513259236,'A00025',2018,12,7603.79,'import')
,(513259236,'A00026',2018,12,353465.93,'import')
,(513259236,'A00027',2018,12,0.0,'import')
,(513259236,'A00101',2017,12,233576.76,'import')
,(513259236,'A00102',2017,12,0.0,'import')
,(513259236,'A00103',2017,12,4186332.0,'import')
,(513259236,'A00104',2017,12,26169.45,'import')
;
INSERT INTO public.statements (vat_number,account,"year","month",value,input_method) VALUES 
(513259236,'A00105',2017,12,0.0,'import')
,(513259236,'A00106',2017,12,0.0,'import')
,(513259236,'A00107',2017,12,0.0,'import')
,(513259236,'A00108',2017,12,0.0,'import')
,(513259236,'A00111',2017,12,0.0,'import')
,(513259236,'A00109',2017,12,34799.69,'import')
,(513259236,'A00110',2017,12,0.0,'import')
,(513259236,'A00112',2017,12,4480877.9,'import')
,(513259236,'A00113',2017,12,1.121012542E7,'import')
,(513259236,'A00114',2017,12,0.0,'import')
;
INSERT INTO public.statements (vat_number,account,"year","month",value,input_method) VALUES 
(513259236,'A00115',2017,12,7799473.29,'import')
,(513259236,'A90001',2017,12,160.0,'import')
,(513259236,'A00116',2017,12,5532.45,'import')
,(513259236,'A00117',2017,12,0.0,'import')
,(513259236,'A00118',2017,12,1.017186873E7,'import')
,(513259236,'A00119',2017,12,344277.82,'import')
,(513259236,'A00120',2017,12,0.0,'import')
,(513259236,'A00121',2017,12,0.0,'import')
,(513259236,'A00122',2017,12,0.0,'import')
,(513259236,'A00123',2017,12,0.0,'import')
;
INSERT INTO public.statements (vat_number,account,"year","month",value,input_method) VALUES 
(513259236,'A00124',2017,12,7469.54,'import')
,(513259236,'A00125',2017,12,2.953890725E7,'import')
,(513259236,'A00126',2017,12,3.401978515E7,'import')
,(513259236,'A00128',2017,12,0.0,'import')
,(513259236,'A00129',2017,12,0.0,'import')
,(513259236,'A00130',2017,12,0.0,'import')
,(513259236,'A00133',2017,12,0.0,'import')
,(513259236,'A00134',2017,12,0.0,'import')
,(513259236,'A00135',2017,12,0.0,'import')
,(513259236,'A00138',2017,12,0.0,'import')
;
INSERT INTO public.statements (vat_number,account,"year","month",value,input_method) VALUES 
(513259236,'A00140',2017,12,-6.6224399E7,'import')
,(513259236,'A00141',2017,12,0.0,'import')
,(513259236,'A00142',2017,12,0.0,'import')
,(513259236,'A00143',2017,12,-1.31869459E8,'import')
,(513259236,'A00144',2017,12,0.0,'import')
,(513259236,'A00145',2017,12,-198093.86,'import')
,(513259236,'A00146',2017,12,-1.064262887E7,'import')
,(513259236,'A00147',2017,12,-89837.4,'import')
,(513259236,'A00148',2017,12,-3734966.31,'import')
,(513259236,'A00149',2017,12,0.0,'import')
;
INSERT INTO public.statements (vat_number,account,"year","month",value,input_method) VALUES 
(513259236,'A00150',2017,12,-7684365.1,'import')
,(513259236,'A00151',2017,12,-5103869.29,'import')
,(513259236,'A00152',2017,12,0.0,'import')
,(513259236,'A00153',2017,12,0.0,'import')
,(513259236,'A00154',2017,12,0.0,'import')
,(513259236,'A00155',2017,12,0.0,'import')
,(513259236,'A00156',2017,12,-2.725566697E7,'import')
,(513259236,'A00157',2017,12,-2.745376083E7,'import')
,(513259236,'A00158',2017,12,-3.401978515E7,'import')
,(513259236,'A00001',2017,12,-7.244224267E7,'import')
;
INSERT INTO public.statements (vat_number,account,"year","month",value,input_method) VALUES 
(513259236,'A00002',2017,12,0.0,'import')
,(513259236,'A00003',2017,12,0.0,'import')
,(513259236,'A00004',2017,12,-20174.33,'import')
,(513259236,'A00005',2017,12,-1774116.78,'import')
,(513259236,'A00006',2017,12,6.384900349E7,'import')
,(513259236,'A00007',2017,12,5014817.14,'import')
,(513259236,'A00008',2017,12,3358584.43,'import')
,(513259236,'A00010',2017,12,51411.1,'import')
,(513259236,'A00011',2017,12,4539.89,'import')
,(513259236,'A00012',2017,12,52233.12,'import')
;
INSERT INTO public.statements (vat_number,account,"year","month",value,input_method) VALUES 
(513259236,'A00013',2017,12,0.0,'import')
,(513259236,'A00014',2017,12,0.0,'import')
,(513259236,'A00015',2017,12,0.0,'import')
,(513259236,'A00016',2017,12,-652008.42,'import')
,(513259236,'A00017',2017,12,1318089.66,'import')
,(513259236,'A00018',2017,12,-1239863.37,'import')
,(513259236,'A00019',2017,12,122834.56,'import')
,(513259236,'A00020',2017,12,0.0,'import')
,(513259236,'A00021',2017,12,-1117028.81,'import')
,(513259236,'A00022',2017,12,-164533.31,'import')
;
INSERT INTO public.statements (vat_number,account,"year","month",value,input_method) VALUES 
(513259236,'A00023',2017,12,345609.75,'import')
,(513259236,'A00024',2017,12,-935952.37,'import')
,(513259236,'A00025',2017,12,-2.63449849E8,'import')
,(513259236,'A00026',2017,12,672502.52,'import')
,(513259236,'A00027',2017,12,0.0,'import')
,(513259236,'A00101',2015,12,6255666.52,'import')
,(513259236,'A00102',2015,12,0.0,'import')
,(513259236,'A00103',2015,12,4976372.84,'import')
,(513259236,'A00104',2015,12,90135.64,'import')
,(513259236,'A00105',2015,12,0.0,'import')
;
INSERT INTO public.statements (vat_number,account,"year","month",value,input_method) VALUES 
(513259236,'A00106',2015,12,0.0,'import')
,(513259236,'A00107',2015,12,0.0,'import')
,(513259236,'A00108',2015,12,0.0,'import')
,(513259236,'A00111',2015,12,0.0,'import')
,(513259236,'A00109',2015,12,4496.82,'import')
,(513259236,'A00110',2015,12,0.0,'import')
,(513259236,'A00112',2015,12,1.132667182E7,'import')
,(513259236,'A00113',2015,12,6847501.07,'import')
,(513259236,'A00114',2015,12,0.0,'import')
,(513259236,'A00115',2015,12,3400802.57,'import')
;
INSERT INTO public.statements (vat_number,account,"year","month",value,input_method) VALUES 
(513259236,'A00116',2015,12,1239.49,'import')
,(513259236,'A00131',2017,12,-134256.68,'import')
,(513259236,'A00132',2017,12,-1759265.12,'import')
,(513259236,'A00137',2017,12,-672502.52,'import')
,(513259236,'A00139',2017,12,-6566024.32,'import')
,(513259236,'A00117',2015,12,0.0,'import')
,(513259236,'A00118',2015,12,1027076.77,'import')
,(513259236,'A00119',2015,12,642331.76,'import')
,(513259236,'A00120',2015,12,0.0,'import')
,(513259236,'A00121',2015,12,0.0,'import')
;
INSERT INTO public.statements (vat_number,account,"year","month",value,input_method) VALUES 
(513259236,'A00122',2015,12,0.0,'import')
,(513259236,'A00123',2015,12,0.0,'import')
,(513259236,'A00124',2015,12,11589.35,'import')
,(513259236,'A00125',2015,12,1.193054101E7,'import')
,(513259236,'A00126',2015,12,2.325721283E7,'import')
,(513259236,'A00128',2015,12,0.0,'import')
,(513259236,'A00129',2015,12,0.0,'import')
,(513259236,'A00130',2015,12,0.0,'import')
,(513259236,'A00131',2015,12,0.0,'import')
,(513259236,'A00132',2015,12,0.0,'import')
;
INSERT INTO public.statements (vat_number,account,"year","month",value,input_method) VALUES 
(513259236,'A00134',2015,12,0.0,'import')
,(513259236,'A00135',2015,12,0.0,'import')
,(513259236,'A00138',2015,12,0.0,'import')
,(513259236,'A00140',2015,12,-2526900.7,'import')
,(513259236,'A00141',2015,12,0.0,'import')
,(513259236,'A00142',2015,12,0.0,'import')
,(513259236,'A00143',2015,12,0.0,'import')
,(513259236,'A00144',2015,12,0.0,'import')
,(513259236,'A00145',2015,12,-2526900.7,'import')
,(513259236,'A00146',2015,12,-7246942.64,'import')
;
INSERT INTO public.statements (vat_number,account,"year","month",value,input_method) VALUES 
(513259236,'A00147',2015,12,-20522.95,'import')
,(513259236,'A00148',2015,12,-1797501.96,'import')
,(513259236,'A00149',2015,12,-3020000.0,'import')
,(513259236,'A00150',2015,12,-2592497.01,'import')
,(513259236,'A00151',2015,12,-1046812.24,'import')
,(513259236,'A00152',2015,12,0.0,'import')
,(513259236,'A00153',2015,12,0.0,'import')
,(513259236,'A00154',2015,12,0.0,'import')
,(513259236,'A00155',2015,12,0.0,'import')
,(513259236,'A00156',2015,12,-1.57242768E7,'import')
;
INSERT INTO public.statements (vat_number,account,"year","month",value,input_method) VALUES 
(513259236,'A00157',2015,12,-1.82511775E7,'import')
,(513259236,'A00158',2015,12,-2.325721283E7,'import')
,(513259236,'A00001',2015,12,-3.386668324E7,'import')
,(513259236,'A00002',2015,12,0.0,'import')
,(513259236,'A00003',2015,12,0.0,'import')
,(513259236,'A00004',2015,12,-36719.75,'import')
,(513259236,'A00005',2015,12,-790690.44,'import')
,(513259236,'A00006',2015,12,2.694083023E7,'import')
,(513259236,'A00007',2015,12,3028170.45,'import')
,(513259236,'A00008',2015,12,2438684.57,'import')
;
INSERT INTO public.statements (vat_number,account,"year","month",value,input_method) VALUES 
(513259236,'A00010',2015,12,-24744.96,'import')
,(513259236,'A00011',2015,12,22607.75,'import')
,(513259236,'A00012',2015,12,96844.05,'import')
,(513259236,'A00013',2015,12,0.0,'import')
,(513259236,'A00014',2015,12,0.0,'import')
,(513259236,'A00015',2015,12,0.0,'import')
,(513259236,'A00016',2015,12,-388585.17,'import')
,(513259236,'A00017',2015,12,576438.07,'import')
,(513259236,'A00018',2015,12,-2003848.44,'import')
,(513259236,'A00019',2015,12,177986.42,'import')
;
INSERT INTO public.statements (vat_number,account,"year","month",value,input_method) VALUES 
(513259236,'A00020',2015,12,0.0,'import')
,(513259236,'A00021',2015,12,-1825862.02,'import')
,(513259236,'A00022',2015,12,-22680.56,'import')
,(513259236,'A00023',2015,12,495298.01,'import')
,(513259236,'A00024',2015,12,-1353244.57,'import')
,(513259236,'A00025',2015,12,-345638.33,'import')
,(513259236,'A00026',2015,12,1007606.24,'import')
,(513259236,'A00027',2015,12,0.0,'import')
,(513259236,'A00101',2016,12,153495.02,'import')
,(513259236,'A00102',2016,12,0.0,'import')
;
INSERT INTO public.statements (vat_number,account,"year","month",value,input_method) VALUES 
(513259236,'A00103',2016,12,4186332.0,'import')
,(513259236,'A00104',2016,12,58469.03,'import')
,(513259236,'A00105',2016,12,0.0,'import')
,(513259236,'A00106',2016,12,0.0,'import')
,(513259236,'A00107',2016,12,0.0,'import')
,(513259236,'A00108',2016,12,0.0,'import')
,(513259236,'A00111',2016,12,0.0,'import')
,(513259236,'A00109',2016,12,20946.64,'import')
,(513259236,'A00110',2016,12,0.0,'import')
,(513259236,'A00112',2016,12,4419242.69,'import')
;
INSERT INTO public.statements (vat_number,account,"year","month",value,input_method) VALUES 
(513259236,'A00113',2016,12,1.094522692E7,'import')
,(513259236,'A00114',2016,12,0.0,'import')
,(513259236,'A00115',2016,12,4223482.32,'import')
,(513259236,'A90001',2016,12,13652.31,'import')
,(513259236,'A00116',2016,12,7131.01,'import')
,(513259236,'A00117',2016,12,0.0,'import')
,(513259236,'A00118',2016,12,8522863.74,'import')
,(513259236,'A00119',2016,12,403098.99,'import')
,(513259236,'A00120',2016,12,0.0,'import')
,(513259236,'A00121',2016,12,0.0,'import')
;
INSERT INTO public.statements (vat_number,account,"year","month",value,input_method) VALUES 
(513259236,'A00122',2016,12,0.0,'import')
,(513259236,'A00123',2016,12,0.0,'import')
,(513259236,'A00124',2016,12,7583.23,'import')
,(513259236,'A00125',2016,12,2.412303852E7,'import')
,(513259236,'A00126',2016,12,2.854228121E7,'import')
,(513259236,'A00128',2016,12,0.0,'import')
,(513259236,'A00129',2016,12,0.0,'import')
,(513259236,'A00130',2016,12,0.0,'import')
,(513259236,'A00134',2016,12,0.0,'import')
,(513259236,'A00135',2016,12,0.0,'import')
;
INSERT INTO public.statements (vat_number,account,"year","month",value,input_method) VALUES 
(513259236,'A00138',2016,12,0.0,'import')
,(513259236,'A00140',2016,12,-17500.0,'import')
,(513259236,'A00141',2016,12,0.0,'import')
,(513259236,'A00142',2016,12,0.0,'import')
,(513259236,'A00143',2016,12,-87912.97,'import')
,(513259236,'A00144',2016,12,0.0,'import')
,(513259236,'A00145',2016,12,-105412.97,'import')
,(513259236,'A00146',2016,12,-1.353713639E7,'import')
,(513259236,'A00147',2016,12,-39802.43,'import')
,(513259236,'A00148',2016,12,-2853116.64,'import')
;
INSERT INTO public.statements (vat_number,account,"year","month",value,input_method) VALUES 
(513259236,'A90002',2016,12,-285879.07,'import')
,(513259236,'A00149',2016,12,0.0,'import')
,(513259236,'A00150',2016,12,-2557879.64,'import')
,(513259236,'A00127',2016,12,-4000000.0,'import')
,(513259236,'A00131',2016,12,-50380.31,'import')
,(513259236,'A00133',2015,12,1570.91,'import')
,(513259236,'A00133',2016,12,790040.84,'import')
,(513259236,'A00136',2015,12,-3998429.09,'import')
,(513259236,'A00136',2016,12,-4215994.49,'import')
,(513259236,'A00137',2015,12,-1007606.24,'import')
;
INSERT INTO public.statements (vat_number,account,"year","month",value,input_method) VALUES 
(513259236,'A00137',2016,12,-1677527.31,'import')
,(513259236,'A00139',2015,12,-5006035.33,'import')
,(513259236,'A00139',2016,12,-5893521.8,'import')
,(513259236,'A00151',2016,12,-3269532.27,'import')
,(513259236,'A00152',2016,12,0.0,'import')
,(513259236,'A00153',2016,12,0.0,'import')
,(513259236,'A00154',2016,12,0.0,'import')
,(513259236,'A00155',2016,12,0.0,'import')
,(513259236,'A00156',2016,12,-2.254334644E7,'import')
,(513259236,'A00157',2016,12,-2.264875941E7,'import')
;
INSERT INTO public.statements (vat_number,account,"year","month",value,input_method) VALUES 
(513259236,'A00158',2016,12,-2.854228121E7,'import')
,(513259236,'A00001',2016,12,-6.180200294E7,'import')
,(513259236,'A00002',2016,12,159.37,'import')
,(513259236,'A00003',2016,12,0.0,'import')
,(513259236,'A00004',2016,12,-4973.21,'import')
,(513259236,'A00005',2016,12,-1058781.08,'import')
,(513259236,'A00006',2016,12,5.370696649E7,'import')
,(513259236,'A00007',2016,12,4628979.15,'import')
,(513259236,'A00008',2016,12,2777782.25,'import')
,(513259236,'A00010',2016,12,92013.63,'import')
;
INSERT INTO public.statements (vat_number,account,"year","month",value,input_method) VALUES 
(513259236,'A00011',2016,12,16048.05,'import')
,(513259236,'A00012',2016,12,17500.0,'import')
,(513259236,'A00013',2016,12,0.0,'import')
,(513259236,'A00014',2016,12,0.0,'import')
,(513259236,'A00015',2016,12,0.0,'import')
,(513259236,'A00016',2016,12,-1916179.12,'import')
,(513259236,'A00017',2016,12,870778.61,'import')
,(513259236,'A00018',2016,12,-2672027.54,'import')
,(513259236,'A00019',2016,12,59194.02,'import')
,(513259236,'A00020',2016,12,0.0,'import')
;
INSERT INTO public.statements (vat_number,account,"year","month",value,input_method) VALUES 
(513259236,'A00021',2016,12,-2612833.52,'import')
,(513259236,'A00022',2016,12,-4544.66,'import')
,(513259236,'A00023',2016,12,501715.75,'import')
,(513259236,'A00024',2016,12,-2115662.43,'import')
,(513259236,'A00025',2016,12,-438135.12,'import')
,(513259236,'A00026',2016,12,1677527.31,'import')
,(513259236,'A00027',2016,12,0.0,'import')
,(513259236,'A00101',2014,12,0.0,'import')
,(513259236,'A00102',2014,12,0.0,'import')
,(513259236,'A00103',2014,12,0.0,'import')
;
INSERT INTO public.statements (vat_number,account,"year","month",value,input_method) VALUES 
(513259236,'A00104',2014,12,337000.0,'import')
,(513259236,'A00105',2014,12,0.0,'import')
,(513259236,'A00106',2014,12,0.0,'import')
,(513259236,'A00107',2014,12,0.0,'import')
,(513259236,'A00108',2014,12,0.0,'import')
,(513259236,'A00111',2014,12,0.0,'import')
,(513259236,'A00109',2014,12,417.59,'import')
,(513259236,'A00110',2014,12,0.0,'import')
,(513259236,'A00112',2014,12,337417.59,'import')
,(513259236,'A00113',2014,12,0.0,'import')
;
INSERT INTO public.statements (vat_number,account,"year","month",value,input_method) VALUES 
(513259236,'A00114',2014,12,0.0,'import')
,(513259236,'A00115',2014,12,0.0,'import')
,(513259236,'A00116',2014,12,0.0,'import')
,(513259236,'A00117',2014,12,0.0,'import')
,(513259236,'A00118',2014,12,0.0,'import')
,(513259236,'A00119',2014,12,0.0,'import')
,(513259236,'A00120',2014,12,0.0,'import')
,(513259236,'A00121',2014,12,0.0,'import')
,(513259236,'A00122',2014,12,0.0,'import')
,(513259236,'A00123',2014,12,0.0,'import')
;
INSERT INTO public.statements (vat_number,account,"year","month",value,input_method) VALUES 
(513259236,'A00124',2014,12,50000.0,'import')
,(513259236,'A00125',2014,12,50000.0,'import')
,(513259236,'A00126',2014,12,387417.59,'import')
,(513259236,'A00128',2014,12,0.0,'import')
,(513259236,'A00129',2014,12,0.0,'import')
,(513259236,'A00130',2014,12,0.0,'import')
,(513259236,'A00131',2014,12,0.0,'import')
,(513259236,'A00132',2014,12,0.0,'import')
,(513259236,'A00133',2014,12,0.0,'import')
,(513259236,'A00134',2014,12,0.0,'import')
;
INSERT INTO public.statements (vat_number,account,"year","month",value,input_method) VALUES 
(513259236,'A00135',2014,12,0.0,'import')
,(513259236,'A00138',2014,12,0.0,'import')
,(513259236,'A00140',2014,12,0.0,'import')
,(513259236,'A00141',2014,12,0.0,'import')
,(513259236,'A00142',2014,12,0.0,'import')
,(513259236,'A00143',2014,12,0.0,'import')
,(513259236,'A00144',2014,12,0.0,'import')
,(513259236,'A00145',2014,12,0.0,'import')
,(513259236,'A00146',2014,12,0.0,'import')
,(513259236,'A00147',2014,12,0.0,'import')
;
INSERT INTO public.statements (vat_number,account,"year","month",value,input_method) VALUES 
(513259236,'A00149',2014,12,0.0,'import')
,(513259236,'A00150',2014,12,-338988.5,'import')
,(513259236,'A00151',2014,12,0.0,'import')
,(513259236,'A00152',2014,12,0.0,'import')
,(513259236,'A00153',2014,12,0.0,'import')
,(513259236,'A00154',2014,12,0.0,'import')
,(513259236,'A00155',2014,12,0.0,'import')
,(513259236,'A00156',2014,12,-338988.5,'import')
,(513259236,'A00157',2014,12,-338988.5,'import')
,(513259236,'A00158',2014,12,-387417.59,'import')
;
INSERT INTO public.statements (vat_number,account,"year","month",value,input_method) VALUES 
(513259236,'A00001',2014,12,0.0,'import')
,(513259236,'A00002',2014,12,0.0,'import')
,(513259236,'A00003',2014,12,0.0,'import')
,(513259236,'A00004',2014,12,0.0,'import')
,(513259236,'A00005',2014,12,0.0,'import')
,(513259236,'A00006',2014,12,0.0,'import')
,(513259236,'A00007',2014,12,1988.5,'import')
,(513259236,'A00008',2014,12,0.0,'import')
,(513259236,'A00010',2014,12,0.0,'import')
,(513259236,'A00011',2014,12,0.0,'import')
;
INSERT INTO public.statements (vat_number,account,"year","month",value,input_method) VALUES 
(513259236,'A00012',2014,12,0.0,'import')
,(513259236,'A00013',2014,12,0.0,'import')
,(513259236,'A00014',2014,12,0.0,'import')
,(513259236,'A00015',2014,12,0.0,'import')
,(513259236,'A00016',2014,12,0.0,'import')
,(513259236,'A00017',2014,12,0.0,'import')
,(513259236,'A00018',2014,12,1988.5,'import')
,(513259236,'A00019',2014,12,0.0,'import')
,(513259236,'A00020',2014,12,0.0,'import')
,(513259236,'A00021',2014,12,1988.5,'import')
;
INSERT INTO public.statements (vat_number,account,"year","month",value,input_method) VALUES 
(513259236,'A00022',2014,12,0.0,'import')
,(513259236,'A00023',2014,12,0.0,'import')
,(513259236,'A00024',2014,12,1988.5,'import')
,(513259236,'A00025',2014,12,417.59,'import')
,(513259236,'A00027',2014,12,0.0,'import')
,(505455668,'A00127',2019,6,-5400000.0,'ledger')
,(513259236,'A00107',2019,6,8807.0,'ledger')
,(513259236,'A00127',2014,12,-50000.0,'import')
,(513259236,'A00136',2014,12,-50000.0,'import')
,(513259236,'A00137',2014,12,1570.91,'import')
;
INSERT INTO public.statements (vat_number,account,"year","month",value,input_method) VALUES 
(513259236,'A00139',2014,12,-48429.09,'import')
,(513259236,'A00133',2018,6,0.0,'ledger')
,(513259236,'A00007',2018,6,2581801.0,'ledger')
,(505455668,'A00113',2018,6,1.4508833E7,'ledger')
,(505455668,'A00005',2018,6,-296403.0,'ledger')
,(505455668,'A00025',2019,6,0.0,'ledger')
,(505455668,'A00017',2018,6,313705.0,'ledger')
,(513259236,'A00140',2018,6,-106664.0,'ledger')
,(513259236,'A90001',2018,6,62205.0,'ledger')
,(505455668,'A00017',2019,6,317239.0,'ledger')
;
INSERT INTO public.statements (vat_number,account,"year","month",value,input_method) VALUES 
(513259236,'A00005',2019,6,-959123.0,'ledger')
,(513259236,'A00025',2018,6,0.0,'ledger')
,(513259236,'A00103',2019,6,4186332.0,'ledger')
,(513259236,'A00115',2018,6,1.3523587E7,'ledger')
,(513259236,'A00149',2019,6,-2.2134306E7,'ledger')
,(505455668,'A00124',2019,6,539364.0,'ledger')
,(505455668,'A00022',2018,6,-9089.0,'ledger')
,(505455668,'A00149',2018,6,-5824000.0,'ledger')
,(505455668,'A00127',2018,6,-3400000.0,'ledger')
,(505455668,'A00146',2018,6,-1.1265195E7,'ledger')
;
INSERT INTO public.statements (vat_number,account,"year","month",value,input_method) VALUES 
(513259236,'A00118',2019,6,1.1754735E7,'ledger')
,(513259236,'A00113',2018,6,1.1962759E7,'ledger')
,(513259236,'A00010',2019,6,196523.0,'ledger')
,(513259236,'A00119',2019,6,163379.0,'ledger')
,(513259236,'A00011',2018,6,28572.0,'ledger')
,(513259236,'A00011',2019,6,32708.0,'ledger')
,(513259236,'A00140',2019,6,-102523.0,'ledger')
,(513259236,'A00148',2018,6,-2790226.0,'ledger')
,(513259236,'A00010',2018,6,-52604.0,'ledger')
,(513259236,'A00151',2019,6,-3764417.0,'ledger')
;
INSERT INTO public.statements (vat_number,account,"year","month",value,input_method) VALUES 
(505455668,'A00150',2018,6,-1292042.0,'ledger')
,(505455668,'A00113',2019,6,1.3518411E7,'ledger')
,(513259236,'A00012',2018,6,41930.0,'ledger')
,(505455668,'A00104',2018,6,0.0,'ledger')
,(505455668,'A00124',2018,6,690366.0,'ledger')
,(513259236,'A00107',2018,6,0.0,'ledger')
,(505455668,'A00101',2018,6,2144701.0,'ledger')
,(505455668,'A00119',2018,6,144698.0,'ledger')
,(513259236,'A00109',2018,6,34800.0,'ledger')
,(505455668,'A00131',2019,6,-2375080.0,'ledger')
;
INSERT INTO public.statements (vat_number,account,"year","month",value,input_method) VALUES 
(513259236,'A00147',2018,6,-71923.0,'ledger')
,(505455668,'A00025',2018,6,0.0,'ledger')
,(505455668,'A00151',2018,6,-304733.0,'ledger')
,(505455668,'A00006',2018,6,3.3578494E7,'ledger')
,(513259236,'A00001',2019,6,-3.443889E7,'ledger')
,(505455668,'A00149',2019,6,-6202411.0,'ledger')
,(513259236,'A00115',2019,6,1.0630593E7,'ledger')
,(505455668,'A00119',2019,6,119084.0,'ledger')
,(505455668,'A00104',2019,6,15300.0,'ledger')
,(513259236,'A00119',2018,6,460689.0,'ledger')
;
INSERT INTO public.statements (vat_number,account,"year","month",value,input_method) VALUES 
(505455668,'A00011',2019,6,853.0,'ledger')
,(513259236,'A00016',2018,6,-216266.0,'ledger')
,(505455668,'A00101',2019,6,2670942.0,'ledger')
,(505455668,'A00019',2018,6,139046.0,'ledger')
,(513259236,'A00101',2018,6,211639.0,'ledger')
,(513259236,'A00151',2018,6,-2946192.0,'ledger')
,(513259236,'A00104',2018,6,10468.0,'ledger')
,(505455668,'A00109',2019,6,104417.0,'ledger')
,(505455668,'A00004',2019,6,-73525.0,'ledger')
,(513259236,'A00133',2019,6,0.0,'ledger')
;
INSERT INTO public.statements (vat_number,account,"year","month",value,input_method) VALUES 
(505455668,'A00129',2018,6,-4100000.0,'ledger')
,(513259236,'A00109',2019,6,25537.0,'ledger')
,(513259236,'A00127',2019,6,-4000000.0,'ledger')
,(513259236,'A00023',2018,6,202233.0,'ledger')
,(505455668,'A00129',2019,6,-4100000.0,'ledger')
,(505455668,'A00007',2019,6,2206553.0,'ledger')
,(513259236,'A00149',2018,6,-1.2889284E7,'ledger')
,(505455668,'A00022',2019,6,-432.0,'ledger')
,(513259236,'A00113',2019,6,1.3054859E7,'ledger')
,(513259236,'A00019',2018,6,63037.0,'ledger')
;
INSERT INTO public.statements (vat_number,account,"year","month",value,input_method) VALUES 
(513259236,'A00006',2019,6,2.9616579E7,'ledger')
,(513259236,'A00004',2019,6,-178273.0,'ledger')
,(505455668,'A00131',2018,6,-2357028.0,'ledger')
,(513259236,'A00143',2018,6,-131869.0,'ledger')
,(513259236,'A00146',2018,6,-8194658.0,'ledger')
,(505455668,'A00115',2019,6,6955355.0,'ledger')
,(505455668,'A00147',2018,6,-586447.0,'ledger')
,(513259236,'A00127',2018,6,-4000000.0,'ledger')
,(505455668,'A00107',2019,6,24167.0,'ledger')
,(513259236,'A00143',2019,6,0.0,'ledger')
;
INSERT INTO public.statements (vat_number,account,"year","month",value,input_method) VALUES 
(513259236,'A00118',2018,6,4425912.0,'ledger')
,(505455668,'A00109',2018,6,103496.0,'ledger')
,(513259236,'A00006',2018,6,3.0373404E7,'ledger')
,(513259236,'A00150',2019,6,-1635136.0,'ledger')
,(513259236,'A00012',2019,6,48990.0,'ledger')
,(513259236,'A00124',2019,6,979696.0,'ledger')
,(513259236,'A00004',2018,6,-86431.0,'ledger')
,(505455668,'A00011',2018,6,110131.0,'ledger')
,(513259236,'A00146',2019,6,-1.2821031E7,'ledger')
,(513259236,'A00008',2019,6,1798674.0,'ledger')
;
INSERT INTO public.statements (vat_number,account,"year","month",value,input_method) VALUES 
(513259236,'A00147',2019,6,-131683.0,'ledger')
,(513259236,'A00150',2018,6,-1441413.0,'ledger')
,(513259236,'A00019',2019,6,25937.0,'ledger')
,(505455668,'A00007',2018,6,2293310.0,'ledger')
,(505455668,'A00001',2018,6,-3.8453681E7,'ledger')
,(505455668,'A00146',2019,6,-8226249.0,'ledger')
,(513259236,'A00022',2019,6,-128773.0,'ledger')
,(505455668,'A00133',2018,6,5247812.0,'ledger')
,(505455668,'A00006',2019,6,3.8584323E7,'ledger')
,(505455668,'A00010',2019,6,85633.0,'ledger')
;
INSERT INTO public.statements (vat_number,account,"year","month",value,input_method) VALUES 
(505455668,'A00019',2019,6,185699.0,'ledger')
,(513259236,'A00005',2018,6,-877423.0,'ledger')
,(513259236,'A00007',2019,6,2794625.0,'ledger')
,(513259236,'A00022',2018,6,-69102.0,'ledger')
,(505455668,'A90001',2018,6,46187.0,'ledger')
,(505455668,'A90001',2019,6,123236.0,'ledger')
,(513259236,'A00104',2019,6,8759153.0,'ledger')
,(505455668,'A00148',2018,6,-73085.0,'ledger')
,(505455668,'A00118',2018,6,1944005.0,'ledger')
,(505455668,'A00010',2018,6,-34824.0,'ledger')
;
INSERT INTO public.statements (vat_number,account,"year","month",value,input_method) VALUES 
(505455668,'A00118',2019,6,1655332.0,'ledger')
,(505455668,'A00147',2019,6,-391789.0,'ledger')
,(513259236,'A00131',2019,6,-521348.0,'ledger')
,(513259236,'A00132',2019,6,-2398143.0,'ledger')
,(505455668,'A00026',2019,6,-701077.0,'ledger')
,(513259236,'A00131',2018,6,-134257.0,'ledger')
,(513259236,'A00026',2019,6,76403.0,'ledger')
,(513259236,'A00026',2018,6,-95872.0,'ledger')
,(505455668,'A00026',2018,6,-419253.0,'ledger')
,(505455668,'A00107',2018,6,0.0,'ledger')
;
INSERT INTO public.statements (vat_number,account,"year","month",value,input_method) VALUES 
(505455668,'A00148',2019,6,-837170.0,'ledger')
,(505455668,'A00115',2018,6,4468303.0,'ledger')
,(513259236,'A00016',2019,6,-237509.0,'ledger')
,(513259236,'A00001',2018,6,-3.4852934E7,'ledger')
,(513259236,'A00023',2019,6,228461.0,'ledger')
,(505455668,'A00151',2019,6,-739056.0,'ledger')
,(513259236,'A00124',2018,6,679117.0,'ledger')
,(513259236,'A90001',2019,6,44255.0,'ledger')
,(505455668,'A00133',2019,6,4904823.0,'ledger')
,(513259236,'A00101',2019,6,171930.0,'ledger')
;
INSERT INTO public.statements (vat_number,account,"year","month",value,input_method) VALUES 
(505455668,'A00023',2018,6,263957.0,'ledger')
,(505455668,'A00004',2018,6,-142973.0,'ledger')
,(505455668,'A00001',2019,6,-4.431633E7,'ledger')
,(513259236,'A00017',2019,6,1276474.0,'ledger')
,(513259236,'A00008',2018,6,1688526.0,'ledger')
,(505455668,'A00150',2019,6,-1657596.0,'ledger')
,(505455668,'A00008',2018,6,2587468.0,'ledger')
,(505455668,'A00023',2019,6,177237.0,'ledger')
,(505455668,'A00005',2019,6,-319307.0,'ledger')
,(505455668,'A00016',2019,6,-376302.0,'ledger')
;
INSERT INTO public.statements (vat_number,account,"year","month",value,input_method) VALUES 
(505455668,'A00008',2019,6,2827282.0,'ledger')
,(513259236,'A00103',2018,6,4186332.0,'ledger')
,(513259236,'A00025',2019,6,0.0,'ledger')
,(505455668,'A00016',2018,6,-445013.0,'ledger')
,(513259236,'A00148',2019,6,-2347093.0,'ledger')
,(513259236,'A00017',2018,6,756004.0,'ledger')
,(513259236,'A00157',2019,6,-4.2936189E7,'ledger')
,(513259236,'A00156',2018,6,-2.8333696E7,'ledger')
,(505455668,'A00021',2019,6,-877882.0,'ledger')
,(505455668,'A00158',2019,6,-2.5024528E7,'ledger')
;
INSERT INTO public.statements (vat_number,account,"year","month",value,input_method) VALUES 
(513259236,'A00112',2018,6,4443239.0,'ledger')
,(505455668,'A00024',2018,6,-95872.0,'ledger')
,(513259236,'A00112',2019,6,1.3151759E7,'ledger')
,(505455668,'A00139',2018,6,-4609216.0,'ledger')
,(513259236,'A00126',2019,6,4.9779276E7,'ledger')
,(505455668,'A00125',2019,6,2.2910782E7,'ledger')
,(505455668,'A00125',2018,6,2.1802392E7,'ledger')
,(505455668,'A00158',2018,6,-2.3954718E7,'ledger')
,(505455668,'A00018',2019,6,-1063581.0,'ledger')
,(505455668,'A00018',2018,6,-489786.0,'ledger')
;
INSERT INTO public.statements (vat_number,account,"year","month",value,input_method) VALUES 
(513259236,'A00125',2018,6,3.1114269E7,'ledger')
,(513259236,'A00125',2019,6,3.6627517E7,'ledger')
,(513259236,'A00027',2019,6,76403.0,'ledger')
,(505455668,'A00112',2018,6,2248197.0,'ledger')
,(513259236,'A00018',2019,6,-49222.0,'ledger')
,(513259236,'A00156',2019,6,-4.2833666E7,'ledger')
,(513259236,'A00158',2018,6,-3.5138254E7,'ledger')
,(513259236,'A00158',2019,6,-4.985568E7,'ledger')
,(513259236,'A00024',2019,6,76403.0,'ledger')
,(505455668,'A00021',2018,6,-350740.0,'ledger')
;
INSERT INTO public.statements (vat_number,account,"year","month",value,input_method) VALUES 
(505455668,'A00027',2019,6,-701077.0,'ledger')
,(513259236,'A00024',2018,6,-419253.0,'ledger')
,(513259236,'A00157',2018,6,-2.8572229E7,'ledger')
,(513259236,'A00018',2018,6,-615421.0,'ledger')
,(513259236,'A00145',2018,6,-238533.0,'ledger')
,(505455668,'A00027',2018,6,-95872.0,'ledger')
,(505455668,'A00112',2019,6,2814826.0,'ledger')
,(505455668,'A00156',2019,6,-1.8054271E7,'ledger')
,(505455668,'A00157',2018,6,-1.9345502E7,'ledger')
,(513259236,'A00126',2018,6,3.5557508E7,'ledger')
;
INSERT INTO public.statements (vat_number,account,"year","month",value,input_method) VALUES 
(513259236,'A00139',2018,6,-6566025.0,'ledger')
,(505455668,'A00024',2019,6,-701077.0,'ledger')
,(505455668,'A00157',2019,6,-1.8054271E7,'ledger')
,(513259236,'A00021',2019,6,-23285.0,'ledger')
,(513259236,'A00021',2018,6,-552384.0,'ledger')
,(513259236,'A00139',2019,6,-6919491.0,'ledger')
,(505455668,'A00126',2018,6,2.4050589E7,'ledger')
,(513259236,'A00027',2018,6,-419253.0,'ledger')
,(505455668,'A00156',2018,6,-1.9345502E7,'ledger')
,(505455668,'A00139',2019,6,-6970257.0,'ledger')
;
INSERT INTO public.statements (vat_number,account,"year","month",value,input_method) VALUES 
(505455668,'A00126',2019,6,2.5725608E7,'ledger')
,(513259236,'A00145',2019,6,-102523.0,'ledger')
,(513259236,'A00026',2014,12,1570.91,'import')
,(505455668,'A00151',2014,12,-162883.25,'import')
,(513259236,'A00127',2018,12,-4000000.0,'import')
,(513259236,'A00127',2017,12,-4000000.0,'import')
,(513259236,'A00127',2015,12,-4000000.0,'import')
,(513259236,'A00132',2016,12,-955655.02,'import')
,(513259236,'A00136',2017,12,-5893521.8,'import')
,(513259236,'A00132',2018,6,-2431768.0,'ledger')
;
INSERT INTO public.statements (vat_number,account,"year","month",value,input_method) VALUES 
(505455668,'A00137',2018,6,-95871.0,'ledger')
,(505455668,'A00137',2019,6,-701080.0,'legder')
,(505455668,'A00025',2015,12,70777.9,'import')
,(505455668,'A00025',2011,12,-290266.11,'import')
,(505455668,'A00026',2011,12,1822798.0,'import')
,(505455668,'A00026',2012,12,1247946.0,'import')
,(505455668,'A00026',2010,12,689906.0,'import')
,(505455668,'A00026',2013,12,277880.0,'import')
,(505455668,'A00026',2014,12,237308.0,'import')
,(505455668,'A00026',2015,12,-32730.0,'import')
;
INSERT INTO public.statements (vat_number,account,"year","month",value,input_method) VALUES 
(505455668,'A00026',2016,12,-460195.0,'import')
,(505455668,'A00026',2017,12,-93942.0,'import')
,(505455668,'A00026',2018,12,-361041.0,'import')
;
